baseRent,livingSpace,noRooms,condition,interiorQual,lift,typeOfFlat,telekomUploadSpeed,floor,garden,heatingType,yearConstructed,lon,lat
640.0,86.0,3,5,2.0,0,3.0,40.0,4,0,2,1910,8.3557729,49.6328164
151.0,29.47,1,1,2.0,0,2.5008447819779844,40.0,1,0,4,1909,12.9502943,50.8305893
420.3,70.05,3,1,2.414155260346322,0,2.0,10.0,2,0,9,1975,9.94736525543646,53.7497877
275.0,50.85,2,1,2.414155260346322,0,2.5008447819779844,40.0,3,0,2,1998,13.309639,51.2974028
330.0,59.81,2,1,2.0,0,2.0,40.0,1,0,1,1990,10.2691247,51.5125692
435.0,67.0,3,1,2.0,0,6.0,10.0,1,1,1,1888,12.4131593,51.3327626
450.0,21.44,1,2,3.0,0,3.0,10.0,5,0,2,1957,6.788873261167055,51.215838950000006
410.0,65.0,2,5,2.414155260346322,0,6.0,40.0,0,1,4,1913,7.1398610784605205,51.2643229
292.0,58.54,3,1,2.414155260346322,0,2.0,40.0,3,0,2,1962,12.6661777,51.4716487
900.0,83.0,3,5,2.0,0,1.0,40.0,0,1,6,1975,8.141557313483009,50.1305568
340.0,60.0,2,4,2.414155260346322,0,5.0,1.0,1,1,2,1994,7.5279405,50.5847582
320.0,54.0,2,1,2.414155260346322,0,2.5008447819779844,2.4,1,0,2,1997,7.2817355,50.5058552
275.0,54.0,2,1,2.414155260346322,0,6.0,2.4,1,1,2,1905,12.8862345,50.8305951
1063.0,66.0,2,5,3.0,0,6.0,5.0,1,1,3,1946,8.71950822069354,50.15902955
375.0,54.5,2,5,2.0,0,2.0,40.0,3,1,2,1888,12.359541949153666,51.36299895
1775.0,74.0,2,6,3.0,1,1.0,40.0,0,1,1,1890,11.598537713896809,48.1292921
158.0,34.0,1,5,2.0,1,2.5008447819779844,40.0,4,0,2,1974,12.082451,50.8935537
360.0,43.85,2,1,2.0,0,3.0,40.0,3,0,2,1997,13.701681922873238,51.0407275
1350.0,150.0,5,7,3.0,0,2.0,40.0,1,0,2,1969,8.6576311,50.0206692
340.0,47.0,2,7,2.0,0,2.0,40.0,3,0,4,1970,10.5035671,52.2235027
360.0,46.0,2,1,2.0,0,2.0,40.0,3,0,2,1925,12.3201366,51.3466284
620.0,51.8,2,3,2.0,0,6.0,40.0,0,0,2,1905,10.114923750000004,54.31535095
231.9,56.56,2,5,2.414155260346322,0,2.5008447819779844,40.0,4,0,1,1985,14.98145256250912,51.1640481
1100.0,104.0,3,1,4.0,0,1.0,2.4,0,1,1,1994,6.8662073,50.882792
243.0,48.55,3,7,2.414155260346322,0,3.0,2.4,3,0,2,1946,12.55653860506949,51.1650789
1390.0,100.0,2,2,3.0,0,1.0,40.0,1,1,7,2019,7.6896765,51.9946466
690.0,98.0,3,1,3.0,0,3.0,2.4,3,1,10,1979,7.249115,51.3749317
1590.0,62.0,2,4,4.0,0,7.0,40.0,3,0,10,1900,9.1735408,48.7545627
529.0,78.27,4,1,2.414155260346322,0,2.0,40.0,2,0,2,1910,12.307025867055806,51.3328263
545.0,54.0,2,4,2.0,1,1.0,40.0,0,0,6,2018,8.554684344591484,50.856820850000005
161.0,39.26,2,4,2.0,0,2.0,2.4,4,0,1,1989,12.8774733,50.7821096
619.0,91.0,3,7,2.414155260346322,1,2.0,40.0,8,0,2,1968,13.3299647,52.6096403
293.25,51.0,2,1,2.414155260346322,0,2.0,40.0,1,0,1,1957,7.049832644753494,51.6057139
320.0,52.15,2,6,2.0,0,2.0,40.0,2,1,2,1998,12.3374851,51.4478388
411.5,57.51,2,6,2.0,0,2.0,40.0,1,0,9,1957,12.152316949999996,49.6824223
459.0,71.0,3,3,2.0,0,2.0,2.4,2,0,2,1962,8.4715689,51.9825664
1100.0,81.0,3,1,2.0,0,9.0,40.0,0,0,2,2004,9.314250505967127,48.8313331
1270.0,98.23,3,2,2.414155260346322,1,3.0,40.0,3,0,2,2019,12.9782723,47.8349779
460.0,59.81,2,4,3.0,0,2.5008447819779844,40.0,2,0,7,1900,12.32363667371338,51.319684800000005
254.42,55.69,2,1,2.414155260346322,0,2.0,40.0,3,0,2,1996,9.548137158882083,51.34043265
739.0,112.0,4,5,3.0,0,2.0,10.0,1,0,4,1975,7.343959537910368,51.6568142
665.04,77.33,3,3,3.0,1,4.0,40.0,4,0,7,1900,12.4113337,51.3310114
346.0,60.87,3,6,2.414155260346322,1,2.0,2.4,4,0,1,1987,11.3147462,51.4787853
348.0,46.75,2,3,3.0,0,6.0,10.0,0,1,2,1929,12.9476823,50.8321267
900.0,75.0,3,1,3.0,1,2.0,2.4,1,0,2,1990,11.003626613468358,49.4699092
420.0,70.0,2,8,2.0,0,2.0,2.4,2,0,2,1950,10.1801902,52.4162279
1548.0,103.2,3,6,3.0,1,2.0,2.4,3,0,7,1915,13.3207941,52.5127285
382.95,74.36,1,1,2.414155260346322,0,3.0,40.0,2,0,2,1958,12.987655159604074,52.9704219
529.41,62.74,2,1,2.414155260346322,0,2.0,40.0,3,0,10,1936,13.3439789,52.4364761
386.0,64.0,3,3,2.414155260346322,0,2.0,40.0,2,0,2,1958,10.538037099769582,52.966461
245.0,20.0,1,1,2.0,1,2.0,2.4,3,1,2,1996,6.0981959,50.7840495
358.0,70.0,2,6,2.0,0,1.0,40.0,1,1,4,1920,13.8712371,50.9705869
320.0,33.0,1,1,2.414155260346322,0,5.0,40.0,1,0,2,1999,12.7052218,48.6665177
500.0,70.0,2,3,2.0,0,5.0,10.0,0,0,2,1978,8.4376647,50.0012525
450.0,75.0,2,1,2.0,0,1.0,40.0,0,0,10,1920,9.569618726045524,54.5168371
285.81,60.81,3,9,2.0,0,2.0,40.0,4,0,1,1986,13.4070456,54.081061
980.0,123.0,5,6,3.0,0,3.0,40.0,3,0,4,1962,7.199383481288255,51.26573625
300.0,60.85,3,1,2.0,0,2.0,2.4,3,0,2,1983,11.9591249,51.4433394
244.01,49.7,2,7,2.0,0,2.5008447819779844,2.4,6,0,4,1988,10.689788620099923,51.8582493
282.21,69.0,2,7,2.0,0,3.0,2.4,3,1,4,1940,12.13179,50.515428
1289.79,151.74,6,3,2.0,1,2.0,10.0,1,0,2,2017,13.775025430523389,51.109295
380.0,90.0,2,5,3.0,0,3.0,10.0,2,0,2,1994,10.9208146,51.0785223
680.0,49.94,2,2,3.0,1,3.0,10.0,3,0,7,2018,8.2745832,49.9631829
420.0,47.99,2,6,2.414155260346322,0,2.5008447819779844,40.0,0,0,1,1956,6.89174864647417,51.4608307
585.0,70.0,3,1,2.0,0,2.0,2.4,1,0,4,1973,6.8199879,50.8976779
1100.0,58.21,2,1,2.414155260346322,1,2.0,10.0,1,0,2,2007,9.9623654693642,53.5907312
320.0,78.0,3,7,2.0,0,2.0,40.0,2,1,2,1907,14.809032177947262,50.88560805
820.33,87.83,3,2,3.0,1,1.0,40.0,0,0,1,2019,13.7294465,51.0172141
570.5,70.0,3,2,3.0,1,2.0,2.4,3,1,2,2015,13.261099974568197,51.3188626
510.0,63.0,2,4,3.0,0,2.0,40.0,1,0,2,2007,7.3242188,51.5067703
1116.3,148.84,5,6,3.0,0,7.0,40.0,2,1,7,1986,12.3574774,51.3745897
790.0,83.0,2,1,3.0,0,2.0,40.0,2,0,4,1965,8.664478222047432,49.9676288
1428.0,102.0,3,5,3.0,1,1.0,40.0,1,1,8,2014,8.4541819,50.0919561
327.0,63.0,2,6,2.0,0,2.0,40.0,3,0,2,1880,12.4428486,50.9930955
570.0,53.77,2,7,2.0,0,2.0,40.0,1,0,2,1958,13.3353404,52.4510827
699.02,75.98,2,7,2.414155260346322,0,1.0,40.0,0,0,10,1929,13.4838756,52.4614565
406.0,58.0,2,1,2.0,0,2.0,40.0,2,0,2,1900,12.364652847616792,51.36117155
1690.0,73.0,2,7,3.0,1,2.0,2.4,3,0,2,1900,11.5617595,48.1223301
325.0,59.0,2,6,3.0,0,3.0,40.0,3,1,2,1990,11.8659646,52.5951335
780.0,70.0,2,6,3.0,0,2.0,40.0,2,0,2,1960,8.218522600000004,50.0860126
961.92,88.1,3,3,2.414155260346322,0,2.0,10.0,1,0,1,1954,13.267515884143965,52.45546585
339.0,67.5,2,8,2.414155260346322,0,2.0,40.0,2,0,2,1890,11.602494783091316,52.1091493
310.0,61.44,3,1,2.414155260346322,0,2.0,40.0,4,0,2,1977,12.0684264,50.839064
215.0,43.0,2,6,2.0,0,2.0,2.4,1,1,2,1900,12.901308140973,50.8407517
299.0,46.0,2,7,2.414155260346322,0,2.0,40.0,2,1,1,1917,12.59201383525394,51.86920495
260.0,57.0,3,6,2.0,0,2.5008447819779844,40.0,2,0,2,1972,12.53024965,50.70018185
1324.0,142.4,4,4,3.0,1,2.0,40.0,2,1,2,2017,13.8033848,51.0348061
470.0,117.0,4,1,2.0,0,3.0,40.0,3,0,2,1960,7.662124391004987,51.59225665
250.0,47.0,2,6,2.0,0,2.0,10.0,3,1,2,1975,10.5846861,50.9985107
360.0,62.0,2,8,1.0,0,2.0,40.0,2,1,2,1985,7.8306918,51.7040899
543.33,75.99,3,3,2.414155260346322,0,2.5008447819779844,40.0,2,0,1,1963,11.1572989,51.7930296
790.0,76.89,2,1,2.0,0,3.0,40.0,4,0,10,1908,13.2043288,52.5438903
272.44,58.59,3,4,2.0,0,1.0,10.0,1,0,1,1977,14.43848,51.1879414
190.0,43.85,1,1,2.0,0,1.0,2.4,0,1,2,1910,12.773118163881168,50.858160600000005
343.5,56.77,2,1,2.414155260346322,1,2.0,40.0,1,0,2,1965,6.3940012,51.2358363
342.0,71.0,3,1,2.0,0,4.0,2.4,3,1,2,1900,12.895536177760867,50.8179767
380.0,69.0,4,2,2.414155260346322,0,2.0,2.4,3,0,2,1974,12.2588559,51.6656275
399.0,79.76,5,4,2.0,0,2.0,40.0,4,0,1,1977,12.882169139657972,50.8057242
222.0,36.63,1,3,2.414155260346322,0,2.0,2.4,2,0,3,1963,12.0934819,51.3914413
752.0,64.0,2,4,2.414155260346322,1,2.0,40.0,1,0,7,2015,13.0907104,52.3859916
415.0,69.25,2,3,2.0,0,2.5008447819779844,40.0,3,0,2,1984,12.2685791,51.3087988
695.0,120.0,4,5,3.0,0,2.0,2.4,2,0,2,2001,10.648931155303336,51.10744565
337.0,51.0,2,3,3.0,0,2.0,2.4,1,1,4,1937,12.417474157539864,51.19586945
530.0,80.0,3,7,3.0,0,3.0,40.0,4,1,2,2009,10.943984001478071,50.83651365
229.0,50.8,2,6,2.0,0,2.0,40.0,3,0,1,1987,13.3383596,50.6587855
1545.0,103.0,3,6,3.0,1,2.0,2.4,2,0,2,1912,13.3248798,52.5012445
970.0,67.05,2,3,3.0,0,2.0,40.0,1,0,1,2018,13.306546461870097,52.50392335
347.44,63.17,2,4,2.414155260346322,0,2.0,40.0,4,0,1,1975,11.4327321,53.5996398
450.0,58.85,2,1,3.0,0,3.0,40.0,2,1,4,1992,13.8861847,51.0683796
890.0,113.0,3,6,2.414155260346322,0,10.0,40.0,1,1,2,1910,8.214445462435002,53.18509885
524.8,64.0,2,3,3.0,0,5.0,10.0,3,0,10,2002,7.2130928,51.4927035
446.75,62.4,3,1,2.414155260346322,0,2.0,40.0,3,0,1,1988,13.6206559,52.5399493
659.0,52.0,2,1,2.0,0,2.0,40.0,1,0,2,1900,13.4501326,52.527336
700.0,60.0,2,4,3.0,1,2.0,40.0,1,0,8,2013,12.143940615476192,48.5363184
1110.0,104.0,3,4,4.0,1,2.0,40.0,1,0,6,2015,13.4371942,48.5763625
470.0,80.0,2,5,2.0,0,2.5008447819779844,40.0,4,0,2,1960,7.0966922,51.5092783
530.0,53.0,2,6,2.0,0,2.0,40.0,2,0,10,1960,13.3126334,52.5701343
406.27,63.98,3,7,2.414155260346322,0,2.0,40.0,2,0,4,1928,11.6551875,52.1211958
395.0,67.0,2,4,2.0,0,2.5008447819779844,2.4,3,0,2,1898,11.9593881,51.4710204
381.44,74.5,3,7,2.414155260346322,0,2.0,10.0,3,0,2,1958,14.3318072,51.5205953
350.0,69.0,3,5,2.414155260346322,0,2.0,40.0,2,0,2,1983,12.520831266666669,52.43240583333333
360.0,67.94,2,9,1.0,0,2.0,40.0,1,1,10,1982,9.8456568,51.9841852
355.0,64.0,2,1,2.0,0,2.0,40.0,1,0,2,1900,11.84199376733988,53.42794635
1150.0,85.0,2,1,3.0,0,4.0,40.0,1,0,2,1996,11.448721,48.2573959
360.0,55.0,3,6,2.0,0,3.0,2.4,3,0,2,1965,8.6156833,53.0589561
650.0,45.0,2,1,2.0,1,2.0,10.0,3,0,2,2005,9.4663722,47.6554333
450.0,62.0,2,1,2.0,0,4.0,10.0,2,0,2,1986,6.9042635,51.2207638
920.0,70.03,2,2,2.414155260346322,1,2.0,40.0,4,0,12,2020,8.8192053,47.9869164
283.0,49.52,2,5,2.414155260346322,0,2.0,40.0,1,0,10,1960,7.124179949894958,51.52002865
318.0,66.06,3,5,2.414155260346322,1,2.0,40.0,1,0,2,1983,11.9183483,51.4804055
1110.0,62.0,2,4,3.0,1,2.0,40.0,2,0,2,2015,13.4019417,52.5090437
999.0,90.63,4,2,2.414155260346322,1,2.0,40.0,1,0,2,2019,13.4972128,52.3929709
440.0,15.0,1,3,3.0,0,2.0,10.0,3,0,4,1959,9.225351852918989,49.147601300000005
800.0,96.1,3,2,3.0,1,2.0,40.0,2,0,6,2018,12.9161916,48.854033
849.38,67.95,2,4,4.0,1,7.0,2.4,2,0,1,2012,7.507911661203806,51.48906495
800.0,113.0,4,3,2.0,0,2.0,10.0,1,0,3,1935,10.195806779145991,52.46696625
548.0,55.0,2,7,3.0,0,5.0,40.0,1,0,3,1979,8.501749090352028,49.5327191
1410.0,110.36,4,4,2.414155260346322,1,2.0,2.4,6,0,7,2016,6.7892702,51.2317495
300.0,59.15,2,6,2.0,0,6.0,40.0,0,0,2,1938,11.6084475,52.1108631
730.0,98.0,2,1,2.0,0,3.0,2.4,1,0,2,1972,9.6832629,52.5544276
550.0,28.24,1,3,4.0,0,1.0,40.0,2,1,1,1963,8.62652435,50.163816
535.0,107.0,4,1,2.0,0,2.0,2.4,2,1,2,1900,11.9746477,51.7556232
1428.0,119.0,3,2,3.0,0,5.0,40.0,1,0,8,2019,6.829517293881679,51.1792072
300.0,56.0,3,1,2.0,0,2.0,2.4,2,0,2,1937,12.896966,50.8377139
265.0,51.95,2,5,2.414155260346322,0,2.0,40.0,4,0,1,1972,13.331867,50.9039731
870.0,57.0,2,1,3.0,0,2.0,40.0,3,0,2,1973,9.172767428230989,48.778869150000006
429.0,70.14,3,1,2.414155260346322,1,2.0,40.0,2,1,2,1966,6.4251847,51.1731202
195.0,43.0,1,1,2.414155260346322,0,3.0,40.0,2,0,2,1995,12.8686475,50.7784267
830.0,106.0,2,4,4.0,1,10.0,10.0,2,0,4,2018,8.7501494,51.7177643
249.0,55.4,2,6,2.414155260346322,0,2.5008447819779844,40.0,2,1,2,1902,12.8708363,50.8160384
699.0,93.71,3,3,3.0,1,2.0,40.0,3,1,2,2013,12.928894295734825,50.84502655
450.0,43.0,1,6,3.0,0,3.0,40.0,3,0,2,1965,6.961708296634615,51.11521745
349.35,43.55,1,4,2.0,1,2.0,10.0,1,0,2,1960,7.4447517154605265,51.49505045
600.0,65.0,2,5,3.0,1,2.0,40.0,4,0,2,1970,7.144838250068702,50.9662457
495.0,45.0,2,1,2.0,0,2.0,40.0,2,0,4,1936,13.5830148,52.4636499
205.0,40.0,2,4,2.0,0,5.0,10.0,2,0,2,1902,12.37484035,50.7313887
685.0,95.0,3,1,2.0,0,2.0,40.0,2,0,10,1960,7.1317271,51.2572371
440.0,56.0,2,7,3.0,0,2.0,40.0,0,1,2,1939,10.9559227,50.2680967
260.0,62.44,3,1,2.414155260346322,0,2.0,40.0,4,0,4,1979,13.82548,53.3009356
625.0,25.0,1,3,3.0,0,1.0,40.0,0,0,2,1982,7.09411147066883,50.7286371
1400.0,70.0,2,4,3.0,0,3.0,40.0,2,0,7,2013,11.52377655102192,48.08355125
299.0,41.0,1,5,2.0,0,3.0,40.0,1,0,2,1910,13.70041465,51.0873747
250.0,71.8,4,6,2.0,1,5.0,40.0,2,0,4,1970,10.0789416,52.6284913
1255.02,96.54,3,5,3.0,1,2.5008447819779844,10.0,2,0,2,2001,13.4112251,52.5286535
320.0,32.0,1,7,2.0,0,2.0,40.0,1,0,1,1925,12.3305758,51.3203989
230.0,45.83,2,6,3.0,0,3.0,40.0,4,0,2,1907,12.939768301234022,50.83957955
350.0,47.0,1,1,2.0,1,2.0,40.0,1,0,2,1999,12.397936950000002,51.3315483
549.0,80.0,3,6,3.0,0,2.0,40.0,1,0,10,1900,9.7195608,52.3921984
280.0,56.29,3,1,2.0,0,2.0,2.4,5,0,2,1985,12.883885469682388,50.7844074
1175.0,113.44,3,2,4.0,0,1.0,40.0,0,1,2,2019,10.080453723338517,52.6098876
310.0,43.0,2,5,3.0,0,3.0,40.0,2,0,2,1971,6.931037716407751,51.472552500000006
750.0,60.0,3,6,3.0,0,5.0,40.0,2,0,2,1914,8.690471326930794,50.1577493
295.0,52.62,2,1,2.0,0,2.0,40.0,1,0,2,1912,13.8660456,50.9786946
409.5,63.0,2,7,3.0,0,2.0,2.4,2,0,4,1921,7.4356477,51.4822115
265.2,69.78,3,5,2.414155260346322,0,2.0,2.4,3,0,2,1960,11.9886003,51.3431023
331.0,68.86,3,6,2.414155260346322,0,2.0,40.0,5,0,2,1971,11.5543405,51.5391447
232.55,48.65,2,1,2.0,0,3.0,40.0,3,1,2,1991,8.4174054,50.931289
213.0,61.0,3,5,2.414155260346322,0,2.0,10.0,2,0,2,1989,12.076272909971768,51.674916800000005
375.0,62.4,2,1,2.414155260346322,0,2.5008447819779844,40.0,2,0,1,1929,6.960274910368534,51.478184850000005
380.0,72.0,3,6,3.0,0,2.0,40.0,1,0,2,1993,13.1798843,51.0674053
1149.0,81.0,2,4,3.0,1,2.0,5.0,1,0,1,2011,6.730102729625746,51.23910225
690.0,72.0,3,5,3.0,0,2.0,2.4,3,0,4,1972,6.8253154,50.8098326
438.0,54.0,2,1,2.0,0,1.0,40.0,0,0,2,1963,9.6589141,52.3873408
750.0,95.0,3,5,2.0,0,2.0,40.0,1,0,7,1988,10.592618,48.5691482
320.0,63.8,3,1,2.0,0,2.0,2.4,1,1,1,1954,12.389432159262851,50.82508555
530.0,76.0,3,5,2.0,0,2.0,2.4,3,1,2,1962,7.09415131606183,51.31104785
819.0,126.0,2,1,2.0,0,10.0,40.0,1,0,2,1920,7.336173883194346,51.4769163
425.0,54.41,2,5,2.414155260346322,1,2.0,40.0,8,0,2,1967,10.4325889,53.2374623
383.0,69.72,2,1,2.414155260346322,0,3.0,40.0,2,1,4,1995,14.3598918,52.6441224
450.0,62.0,2,1,2.414155260346322,0,2.5008447819779844,10.0,1,0,2,1935,13.7980217,51.027521
801.27,80.18,2,2,3.0,1,7.0,40.0,3,0,7,2018,7.880290395234365,49.8321455
387.0,64.0,2,3,2.414155260346322,1,2.0,40.0,5,0,2,1985,12.0860572,50.881367
330.0,51.0,2,5,2.0,0,1.0,10.0,0,0,10,1953,7.497282636920051,51.48913485
281.0,57.89,3,1,2.0,0,2.0,2.4,4,0,2,1983,11.9597061,51.4472282
425.0,61.0,3,7,2.0,0,1.0,2.4,0,0,2,1956,8.593883113286886,51.95160335
700.0,65.0,2,1,2.0,0,3.0,40.0,3,0,2,1960,9.0546447,50.0880804
820.0,65.0,3,4,3.0,0,3.0,10.0,3,1,1,1975,10.8405389,52.4445924
361.0,56.0,2,1,2.0,0,2.0,40.0,1,0,4,1938,7.6221902,51.2217961
855.0,57.0,3,1,2.0,0,2.5008447819779844,40.0,4,0,2,1985,6.932597086788972,50.920224700000006
940.0,97.0,3,3,3.0,0,2.0,40.0,2,1,2,1974,10.4434574,52.3040523
650.0,53.0,2,5,3.0,0,2.0,40.0,2,0,4,1996,9.220302862827992,48.5161883
890.0,90.0,2,2,3.0,1,2.0,40.0,0,1,13,2019,9.2705735,52.9075024
303.0,54.19,2,1,2.0,0,2.0,2.4,1,0,2,1993,11.497421943589126,52.1808649
780.0,73.0,2,1,2.0,0,3.0,40.0,4,1,4,1922,9.7508115,52.3880957
619.5,59.0,2,4,3.0,1,2.0,40.0,1,1,2,2010,7.3118354,50.8742067
288.1,59.6,3,6,2.414155260346322,0,2.0,2.4,2,0,2,1961,11.9031377,50.7030676
376.84,60.78,3,1,2.0,0,2.0,10.0,1,0,2,1965,13.92614205,50.9701323
380.0,70.0,2,1,2.0,0,3.0,40.0,3,1,4,1920,7.2074013,51.6127517
460.0,29.5,1,7,3.0,1,2.0,2.4,3,0,1,1990,6.0784462,50.7801018
343.37,62.43,2,4,2.0,0,4.0,2.4,2,0,2,1995,12.4358569,50.9833262
850.0,100.0,3,4,3.0,0,2.0,40.0,1,0,4,1968,8.2218147,48.8061751
420.0,70.0,2,3,3.0,0,5.0,2.4,1,0,3,1993,6.169185971608831,51.0346425
336.0,74.52,4,7,2.414155260346322,0,2.0,40.0,4,0,1,1964,11.9806121,51.3722706
380.0,58.0,2,1,2.0,0,2.0,40.0,2,0,10,1900,6.3877228,51.2541287
420.0,70.0,3,7,2.0,0,2.5008447819779844,40.0,2,0,2,1967,7.216784886021061,51.52668475
400.0,109.4,3,1,2.414155260346322,0,2.0,40.0,0,1,2,1900,12.545258609431208,50.81302615
350.0,75.0,3,5,3.0,0,2.0,2.4,3,1,2,1998,12.899848872294548,50.838458450000005
1100.0,83.13,3,2,2.414155260346322,1,2.0,40.0,4,0,12,2020,8.8192053,47.9869164
1500.0,180.0,4,4,3.0,0,2.0,5.0,1,0,2,1967,10.2775055,47.4082941
1300.0,111.5,4,3,3.0,0,2.0,40.0,3,0,4,1928,9.948909291897808,51.53133595
530.0,46.12,2,3,3.0,0,2.5008447819779844,2.4,3,0,2,1953,9.154865248350951,49.98031705
210.0,46.0,2,1,2.0,0,2.0,40.0,2,1,8,1984,12.1067158,53.1183171
495.0,83.0,2,1,3.0,0,2.0,40.0,2,0,2,1993,9.2058174,52.3234995
325.0,61.4,3,6,2.0,0,2.5008447819779844,2.4,2,0,10,1956,11.102414580032644,52.14191225
421.0,65.0,3,6,2.414155260346322,1,2.0,40.0,2,0,2,1975,12.4248014,51.3547985
530.0,59.0,2,1,2.0,0,2.0,40.0,1,0,2,1988,10.8011114,53.2715951
440.0,44.0,2,6,3.0,0,1.0,10.0,0,0,4,1929,10.7157085,53.8673423
660.0,68.5,3,3,3.0,1,2.0,40.0,3,0,2,2019,6.530637679385983,49.9656857
560.0,84.0,4,1,2.0,0,2.0,10.0,3,0,2,1970,8.748487608344838,50.58024445
1005.0,79.0,2,4,3.0,1,2.0,40.0,2,0,7,2017,7.112713112239077,50.71909015
545.0,66.59,2,4,2.414155260346322,0,2.0,10.0,1,0,4,1994,10.0247901,54.0088965
832.0,79.31,3,5,2.0,0,2.0,10.0,0,0,2,1961,10.1301538,53.5996061
650.0,60.0,2,1,2.0,0,2.0,40.0,3,0,2,1967,8.574381800000001,50.09682235
358.0,63.87,3,5,2.414155260346322,0,2.0,40.0,3,1,1,1976,14.0018256,53.0196436
770.0,81.0,3,4,2.414155260346322,1,2.0,40.0,3,0,7,2012,7.00634215707312,51.4621794
342.99,66.99,3,1,2.0,0,2.5008447819779844,40.0,2,1,1,1962,6.963764224246651,51.56816475
795.0,90.0,2,4,3.0,0,1.0,40.0,0,0,2,1910,9.917770538034189,53.6911138
730.0,80.0,3,7,2.414155260346322,0,3.0,40.0,3,1,2,1975,7.199852894736798,50.8084571
479.0,71.65,3,5,2.0,0,2.0,40.0,3,1,2,1965,7.03587705,51.32810545
225.0,38.0,2,9,1.0,0,2.0,40.0,2,0,4,1910,6.5577272,51.3121611
1048.4,56.67,2,2,3.0,1,2.0,40.0,6,0,2,2018,11.5090984,48.0959539
1400.0,100.51,2,6,4.0,0,3.0,40.0,4,0,2,1890,8.691529722731907,50.12722115
750.0,77.0,3,1,2.0,0,2.0,40.0,1,0,2,1981,9.273966963842058,47.6971396
460.0,38.48,1,3,2.414155260346322,1,2.0,40.0,4,0,2,1976,8.2690103,48.9324304
449.0,60.0,2,3,3.0,0,2.0,40.0,3,1,2,1908,12.308061,51.2730292
990.0,75.5,3,1,3.0,0,2.0,40.0,1,0,2,1960,9.25453585,48.80929495
1250.0,195.0,5,6,2.0,0,2.0,40.0,1,0,2,2008,10.6269659,53.8953826
460.0,50.0,2,7,2.0,0,1.0,2.4,0,0,2,1930,6.872131388324087,50.86558585
479.0,84.0,4,5,3.0,0,2.0,40.0,1,0,2,1920,12.0767473,50.8702882
850.0,85.0,2,3,3.0,0,2.0,40.0,0,0,7,1910,8.510600252566693,49.5105543
275.0,50.47,1,1,2.0,1,2.5008447819779844,10.0,2,0,4,1985,7.0304186,51.3327321
330.0,58.12,2,1,2.414155260346322,0,2.0,40.0,2,0,4,1993,11.0710093,50.769021
295.0,56.66,3,1,2.0,0,2.0,40.0,3,0,2,1965,11.232346148451576,52.02546235
1156.0,90.0,3,4,4.0,0,2.0,10.0,3,0,10,2007,6.859116809843411,51.23503645
1499.24,69.96,3,2,3.0,0,3.0,40.0,5,0,2,1899,13.4215628,52.5452356
399.0,76.7,3,4,3.0,0,6.0,40.0,0,0,2,1995,9.948278570455924,54.060780300000005
620.0,52.0,2,4,2.414155260346322,0,2.5008447819779844,40.0,2,0,2,2006,6.785537665345439,51.1934942
581.0,83.0,3,1,3.0,1,2.0,10.0,6,0,2,1974,7.077766707148754,51.4485667
320.0,45.0,2,7,2.0,0,9.0,40.0,0,0,2,2001,7.089860134902073,51.65773085
317.0,63.41,3,5,2.414155260346322,0,2.0,10.0,3,0,2,1958,12.107283242930553,50.8812046
1258.0,107.56,2,1,2.414155260346322,0,2.0,40.0,1,0,7,1989,10.064378147581126,53.64011755
600.0,55.0,2,1,2.0,1,2.0,10.0,3,0,2,1997,13.138135748631129,52.3758714
750.0,96.0,3,4,3.0,0,1.0,2.4,0,0,7,1995,7.050269532810092,51.092205750000005
309.0,47.83,2,7,2.0,0,2.0,40.0,1,0,10,1953,10.6159957,47.8862118
445.0,65.0,4,5,2.414155260346322,0,1.0,40.0,0,0,1,1954,7.742799850000001,49.44432945
270.0,53.73,2,6,2.414155260346322,0,2.0,2.4,3,0,2,1988,11.5749538,52.1488822
350.0,33.0,1,1,2.0,1,2.0,40.0,7,0,2,1971,7.472410225095311,51.508890050000005
462.0,65.92,3,6,2.0,0,2.0,40.0,1,0,10,1950,9.9537896,52.1611639
355.0,30.0,1,4,3.0,1,2.0,40.0,1,0,8,2014,8.2276482,53.1412287
595.0,66.7,2,5,3.0,0,2.0,40.0,1,0,2,1983,9.66768640142481,52.35461975
999.0,140.0,5,1,2.0,0,2.0,40.0,4,0,2,1871,12.361763687163869,51.34231405
585.0,87.0,3,5,3.0,0,2.0,40.0,1,1,4,2001,8.7994963,52.2321892
600.0,91.0,2,6,2.0,0,3.0,40.0,2,0,4,1929,6.275735,50.8169473
940.0,114.0,3,1,3.0,0,6.0,40.0,1,1,2,2000,7.2207294,50.853492
480.0,28.5,1,4,2.0,0,2.0,40.0,2,0,4,2017,10.041419780165548,53.56548375
385.0,70.0,2,1,2.0,0,2.0,2.4,2,1,2,1995,7.3843111,50.9150454
1090.0,90.87,3,4,3.0,1,2.0,5.0,3,0,7,2012,11.0846877,49.4615912
781.9,102.45,3,1,2.0,0,2.0,40.0,4,0,2,1900,13.38048931022449,52.48987175
293.0,75.32,4,7,2.0,0,5.0,40.0,4,0,2,1980,12.7916878,51.1310421
699.0,135.69,4,5,3.0,0,2.0,10.0,1,1,10,1958,7.0546606,51.6088163
347.0,57.75,2,6,2.0,0,2.0,40.0,3,0,10,1900,13.3058371,51.3061042
1003.5,91.5,3,1,2.414155260346322,0,4.0,2.4,2,0,7,1997,7.0326666,51.0600207
295.0,55.57,2,1,2.0,0,1.0,40.0,0,1,2,1910,13.349748842460636,50.95380155
263.0,52.55,2,6,2.0,0,2.0,40.0,1,0,2,1959,11.1394193,52.8574468
330.62,39.36,1,1,2.0,0,2.0,40.0,1,0,1,1987,13.5697865,52.5617547
440.0,71.0,3,1,2.0,1,2.0,40.0,1,0,2,1972,7.1658735,51.2577299
660.0,81.0,2,2,3.0,1,1.0,10.0,0,1,7,2018,10.414857615987025,49.294878100000005
500.0,71.0,2,7,2.0,0,2.0,40.0,1,0,2,2012,7.6350547,50.3721895
420.0,64.5,2,4,3.0,0,5.0,10.0,1,0,2,1952,7.606079507039379,49.19714425
235.0,47.24,2,9,2.0,0,2.0,2.4,2,0,1,1975,13.7620315,51.4943661
315.56,45.08,2,5,2.0,0,2.0,40.0,4,0,2,1985,12.516108,52.4311884
426.0,70.02,3,6,2.0,0,2.0,2.4,1,0,10,1954,7.6292864,51.5505811
250.0,54.0,2,5,2.0,0,2.0,10.0,1,0,2,1900,12.429501972693522,50.9842495
821.75,65.74,2,2,4.0,0,2.0,40.0,1,0,1,2019,10.8892983,48.368032
310.0,52.53,2,7,2.0,0,2.0,40.0,2,0,2,1965,6.4956114,50.8101272
570.0,67.0,4,1,2.0,0,2.0,40.0,2,0,4,1960,11.2131074,48.8822563
648.0,74.02,3,1,2.414155260346322,0,2.0,40.0,1,1,2,1900,13.7465493,51.0729635
898.0,94.5,3,2,3.0,1,2.0,2.4,2,0,7,2017,6.267352141430568,51.4454031
245.0,36.14,1,6,2.414155260346322,0,2.0,40.0,4,0,1,1983,11.233448,52.0321219
309.75,29.5,1,1,2.414155260346322,0,1.0,10.0,0,0,1,1928,10.499117754685498,52.2697424
810.0,130.0,5,4,3.0,0,2.0,40.0,2,1,2,2002,8.8413994,52.2425781
810.0,90.0,3,7,2.0,0,4.0,10.0,2,0,2,1967,7.0885708864503805,50.9245559
500.0,95.0,2,4,3.0,0,3.0,2.4,1,1,2,1980,7.9643769,49.7835063
283.09,56.96,3,6,2.0,0,2.0,40.0,5,0,2,1978,13.4026992,54.0869953
545.0,70.0,2,7,3.0,0,2.0,40.0,2,0,2,1910,12.3249326,51.3406807
590.0,91.0,4,1,2.0,0,6.0,40.0,1,0,4,1967,6.3595371526593,51.1531214
410.0,71.82,3,4,2.0,0,2.0,40.0,3,0,1,1980,10.6822334,50.9499112
1000.0,103.0,4,5,2.0,0,2.0,40.0,1,0,4,1968,8.603977433272252,49.79752235
540.0,27.0,1,4,2.414155260346322,0,2.0,40.0,1,0,10,1954,9.7555846,52.3947758
401.0,71.83,4,1,2.0,0,2.0,2.4,3,0,2,1983,11.964358399999998,51.4411181
390.0,59.1,2,1,2.0,0,3.0,2.4,4,1,2,1987,8.5805174,53.5607246
465.0,63.0,2,5,3.0,1,2.0,40.0,2,0,2,1997,7.0909045,51.1722587
465.0,66.0,3,7,3.0,0,2.0,40.0,0,1,10,1966,7.3288068,51.2985635
260.0,50.0,1,1,2.414155260346322,0,3.0,40.0,3,0,2,1907,10.703549017071555,50.9494201
410.0,76.88,3,1,2.0,0,3.0,40.0,4,0,2,1903,12.92996458597496,50.8223581
1100.0,136.0,3,3,4.0,0,1.0,40.0,1,1,1,1969,6.7833654000000045,51.4390622
384.0,60.0,2,7,3.0,0,3.0,2.4,1,0,2,1961,7.3570301,51.2024779
560.0,92.0,3,3,2.0,0,2.0,40.0,1,0,13,1980,10.2782009,48.403838
360.0,53.0,2,1,2.0,0,3.0,40.0,3,0,2,1994,8.82490445,53.03442275
575.0,131.06,4,1,2.0,0,3.0,2.4,4,0,2,1950,12.9235657,50.8333301
279.0,60.55,2,6,2.0,0,3.0,40.0,3,1,2,1915,12.4932307,50.7221226
1100.0,133.0,3,4,3.0,1,7.0,40.0,3,0,6,2018,9.51295820836464,49.1932035
860.0,118.71,5,6,2.0,0,2.0,40.0,4,1,2,1930,13.7125554,51.0852435
445.0,92.2,3,1,2.414155260346322,0,2.0,40.0,1,1,4,1920,12.9453294,50.8499658
780.0,104.0,3,1,3.0,0,2.0,40.0,2,0,7,1983,6.5101615,51.4285429
410.0,85.0,3,1,2.0,0,1.0,40.0,0,1,7,1983,7.58634155,51.6049021
377.0,55.42,2,1,2.414155260346322,0,2.0,40.0,1,1,2,1900,12.3213555,51.3435944
807.0,86.77,2,1,2.0,1,2.5008447819779844,10.0,7,0,4,1964,6.864400060144117,51.18085935
1090.0,60.0,2,4,3.0,0,1.0,40.0,0,0,7,2015,11.528457474800176,48.21012305
900.0,66.0,2,2,3.0,0,2.0,2.4,1,0,7,2020,13.78954285,52.53318265
1007.0,106.0,3,1,2.0,1,4.0,40.0,3,0,1,1998,9.5599339,53.6034645
675.0,84.35,3,1,2.0,1,2.0,2.4,3,0,2,1958,13.4419575,48.5711899
310.0,60.57,2,1,2.414155260346322,0,2.0,40.0,1,0,10,1965,6.3353518,51.26101
560.0,90.0,3,1,2.0,0,2.0,40.0,2,0,10,1932,7.034947050781248,51.44363605
524.35,68.78,3,3,2.414155260346322,1,2.0,40.0,9,0,1,1978,13.5467115,52.5297366
335.0,67.05,3,6,2.0,0,2.0,40.0,2,0,1,1989,12.0657365,51.2902854
490.0,65.0,3,7,2.0,0,2.0,2.4,3,0,4,1997,7.698205832793766,51.37584435
200.0,46.4,2,6,3.0,0,3.0,40.0,4,1,2,1920,12.89813574543255,50.83802905
1420.0,86.0,3,3,4.0,0,2.0,10.0,1,0,10,1910,6.7914518,51.2218878
480.0,28.37,1,5,2.0,0,2.0,40.0,3,0,2,1962,11.6142386,48.1287857
299.0,51.02,2,5,2.0,0,1.0,40.0,0,1,1,1950,11.66558652003879,52.06899375
960.0,104.56,3,4,3.0,1,2.0,40.0,1,0,7,2012,7.5878915,48.0348783
1499.0,63.03,2,2,3.0,1,3.0,40.0,2,0,7,2018,11.6737051,48.1258728
265.0,47.81,2,1,2.414155260346322,0,2.0,40.0,4,0,4,1982,12.3283226,51.5372018
550.0,76.0,3,1,2.0,0,2.0,40.0,2,1,10,1960,8.009968144999995,50.870734350000006
657.53,87.67,2,6,2.0,0,2.0,10.0,2,0,2,1900,13.3761796,52.4371196
652.8,76.71,3,4,3.0,0,2.0,40.0,2,1,4,2015,13.177176174792102,52.6907598
440.0,69.9,3,1,2.0,0,1.0,40.0,0,0,10,1967,6.4888517,50.7977622
600.0,60.0,3,1,2.0,0,6.0,40.0,1,1,4,1955,8.87395557214495,53.0728251
1260.0,146.0,5,2,4.0,1,7.0,10.0,5,0,6,2019,12.42953597505682,48.59337835
340.0,41.41,2,7,2.0,0,3.0,40.0,3,0,1,1961,7.2256026,51.4776136
728.0,91.0,2,1,2.0,1,2.0,40.0,4,0,10,1950,10.891286,48.3609602
320.0,34.82,1,2,3.0,0,1.0,10.0,1,0,2,1890,13.8135426,52.8345335
375.0,50.49,2,1,2.414155260346322,0,2.0,40.0,1,0,2,1997,12.3118534,51.3498498
1680.0,160.0,5,3,3.0,0,2.0,40.0,1,1,4,1898,10.4186927,53.2535912
1032.48,101.0,4,2,3.0,1,2.0,40.0,2,0,7,2017,12.371401170977045,51.311439500000006
775.0,56.0,2,4,3.0,1,2.0,40.0,5,1,1,2017,8.745134560221517,50.10735135
220.0,43.0,2,5,2.0,1,2.5008447819779844,40.0,4,0,1,1999,12.701410008737057,50.7996276
480.0,68.28,2,1,2.0,0,3.0,40.0,3,0,4,1992,9.6803134,53.5328863
515.0,69.0,3,3,2.0,0,6.0,40.0,1,1,10,1969,7.827298,50.6591923
273.5,57.0,2,6,2.414155260346322,0,5.0,40.0,3,0,1,1982,12.5252661,50.7363016
1050.0,110.0,6,7,2.0,0,5.0,2.4,1,1,2,1967,10.1853241,52.3854477
270.0,76.02,4,7,2.414155260346322,0,2.0,40.0,3,0,1,1972,13.3070013,53.5547427
590.0,49.5,1,5,3.0,1,2.0,40.0,2,0,5,1980,8.583781200648314,50.0113892
730.0,92.22,3,1,2.0,0,2.0,40.0,2,1,10,1963,7.224228753924514,51.45209375
991.0,86.16,3,2,2.414155260346322,0,2.5008447819779844,40.0,2,0,7,2019,8.188479,50.0867877
350.0,37.0,1,5,3.0,0,3.0,40.0,3,0,2,1951,7.21779374614704,51.46872395
600.0,85.97,4,1,2.0,0,2.0,40.0,1,0,1,1967,6.900092886744066,51.14659105
564.0,78.38,3,6,2.414155260346322,0,1.0,40.0,1,1,2,1910,13.689187711155238,51.0553715
217.0,29.0,1,4,2.0,0,1.0,2.4,0,0,2,1995,13.650543973771502,50.9944577
640.0,66.0,3,1,2.414155260346322,0,2.0,40.0,2,0,1,1920,9.325180559149718,48.7349735
120.0,25.75,1,7,2.414155260346322,0,2.5008447819779844,10.0,4,0,1,1985,13.2648953,53.5700394
995.0,110.0,3,3,3.0,0,3.0,40.0,2,1,2,1905,13.764505,51.0116315
511.0,75.03,2,1,2.0,0,2.0,40.0,1,1,2,1992,11.9791521113306,51.48107565
370.0,70.0,3,1,2.0,0,3.0,40.0,4,1,2,1920,12.9433385,50.83723155
385.0,74.23,2,5,2.414155260346322,0,3.0,40.0,3,0,2,1920,12.88793809935175,50.820814350000006
1590.0,92.0,3,4,3.0,1,4.0,40.0,2,0,12,2017,11.4240164,48.1563382
354.0,57.19,2,6,2.0,0,2.0,40.0,1,0,2,1932,12.263848205173463,51.354757250000006
1399.0,91.8,3,2,3.0,0,2.0,40.0,4,1,7,1929,13.1969989,52.5283973
610.0,110.0,5,1,2.0,0,2.0,10.0,1,1,2,1900,7.6352,50.2487223
261.08,53.72,2,1,2.414155260346322,0,1.0,40.0,0,0,2,1939,12.371855611143133,51.01819535
165.0,32.31,1,7,2.414155260346322,0,2.0,40.0,1,0,2,1988,12.085935,50.8297858
215.0,34.11,1,1,2.0,0,2.0,10.0,1,0,2,1952,9.4486182,51.8264076
560.0,70.0,2,5,2.0,0,2.0,2.4,1,0,10,1935,13.658151,52.1654515
892.5,70.0,2,2,3.0,1,1.0,40.0,2,0,12,2020,8.7973937,53.0947646
418.9,59.0,2,1,2.414155260346322,0,2.0,40.0,3,0,2,1969,7.048216203257368,51.4472637
340.0,59.02,3,5,2.0,0,2.0,40.0,3,1,2,1957,7.078231499623491,51.48609695
260.0,50.0,1,1,2.0,0,8.0,40.0,-1,0,2,1990,7.074522063450411,51.64914945
400.0,62.51,3,6,2.0,0,2.0,40.0,3,1,1,1987,12.3631219,51.3807168
245.0,34.51,1,5,2.414155260346322,0,2.0,40.0,4,0,2,1983,12.5175871,52.4328042
200.0,34.0,1,6,2.414155260346322,0,2.0,40.0,1,0,2,1900,12.0723082,50.877821
700.0,78.76,3,1,2.414155260346322,1,2.0,40.0,1,0,2,1995,13.2428385,52.5439359
644.0,50.0,2,1,2.0,0,2.0,40.0,1,0,2,1991,9.007046034849115,49.06633705
300.0,44.0,2,5,2.414155260346322,0,9.0,40.0,0,1,2,1952,7.8697655,51.2264159
680.0,80.0,3,6,3.0,0,1.0,40.0,0,0,3,1971,6.625973959628382,51.27465165
315.0,59.0,3,1,2.414155260346322,0,2.0,40.0,2,0,2,1960,7.0244121,51.5895546
265.0,50.0,2,6,2.0,0,2.5008447819779844,40.0,1,1,2,1927,13.077911852658213,50.8412558
861.28,53.83,2,5,2.0,0,3.0,40.0,2,0,2,1996,11.8062921,48.172084
670.0,83.0,3,1,2.0,0,3.0,40.0,3,0,2,1992,9.680265099777005,48.57883935
240.0,44.0,2,5,2.414155260346322,0,2.5008447819779844,40.0,0,1,2,1951,13.3511826,50.9525419
540.0,30.0,1,4,3.0,1,2.0,40.0,1,1,1,1995,10.860904,48.3848264
220.0,43.99,2,5,2.414155260346322,0,2.0,40.0,4,0,1,1978,10.7318338,50.8225548
278.12,56.76,3,6,2.0,0,2.5008447819779844,40.0,3,0,1,1981,11.9553512,51.7468526
670.6,67.06,2,1,2.0,1,2.0,10.0,3,0,2,1994,13.3780278,52.5918322
765.0,71.0,3,6,3.0,0,2.0,40.0,3,1,2,1995,7.061874814557948,50.70099255
255.0,42.73,2,1,2.0,0,2.0,40.0,3,0,2,1953,10.32909535,52.1700133
315.0,60.87,3,7,2.0,0,2.0,2.4,4,0,1,1979,10.3057991,50.9951464
780.0,65.0,3,2,3.0,0,3.0,2.4,3,1,7,2020,10.7013277,52.4052044
1200.0,105.0,5,5,2.0,0,4.0,40.0,2,1,2,1991,9.79925510676453,53.579618
920.0,102.0,3,2,3.0,1,2.0,40.0,1,0,7,2018,7.893686,49.9605265
350.0,60.0,2,4,3.0,0,3.0,40.0,3,0,2,1994,7.353348475647763,51.59635625
392.0,85.0,3,1,2.0,0,2.0,40.0,1,1,2,1973,8.318232277079908,51.56080685
220.56,36.76,1,6,2.0,0,2.0,40.0,2,0,2,1914,11.5842107,52.0838134
350.0,60.0,2,1,2.414155260346322,0,2.0,2.4,2,0,10,1950,6.1227827,50.8181465
408.0,67.92,2,1,2.0,0,2.0,40.0,2,0,2,1900,11.6334577,52.1089622
678.24,47.1,2,3,2.414155260346322,1,2.0,40.0,4,0,1,1963,13.4028811,52.5053457
285.0,48.82,2,1,2.0,0,2.0,40.0,1,0,1,1990,10.2691247,51.5125692
580.0,83.0,3,1,2.0,0,2.0,40.0,2,0,2,2002,6.514573658151804,51.49776975
1505.0,88.24,3,4,2.0,0,2.0,40.0,3,0,2,1962,9.880041,53.5569648
249.0,55.28,2,6,2.414155260346322,0,2.5008447819779844,2.4,4,0,1,1981,13.27086855,51.3051174
314.31,61.63,3,7,2.0,0,5.0,40.0,3,0,1,1964,11.7382731,52.9999057
520.0,61.0,2,4,2.414155260346322,1,2.0,2.4,1,0,10,1980,6.9060138,51.2035363
470.0,71.0,3,6,3.0,0,2.0,2.4,1,1,2,1970,8.7827012,49.682805
580.0,80.0,2,1,3.0,0,1.0,10.0,1,1,3,1985,8.79901928406786,50.87702605
380.0,83.0,4,1,2.0,0,2.0,10.0,1,1,10,1907,10.366466807304668,50.89387245
999.0,117.0,4,1,3.0,0,3.0,40.0,1,1,4,1991,10.4114946,53.6415409
325.0,65.53,2,5,2.0,0,2.0,40.0,1,0,2,1990,12.7426985,51.3713341
280.0,57.48,3,6,2.414155260346322,0,2.5008447819779844,2.4,1,0,2,1933,13.317808699999995,51.29898675
680.0,60.0,2,1,2.0,0,3.0,10.0,5,0,2,1965,8.5309761,49.3701242
500.0,77.5,2,5,2.0,0,3.0,40.0,4,0,2,1901,12.4897734,50.729337
980.0,103.53,3,2,3.0,1,4.0,40.0,3,0,7,2019,9.50106635,49.20012555
229.0,40.9,2,6,3.0,0,6.0,40.0,0,1,2,1925,12.9478625,50.8191235
1150.0,134.12,3,6,3.0,0,2.5008447819779844,40.0,2,0,2,1905,12.355949407078558,51.3593648
990.0,35.0,1,3,3.0,1,2.0,10.0,1,1,2,1974,11.5863635,48.1642389
279.0,38.11,2,6,2.0,0,2.5008447819779844,40.0,1,0,8,1935,13.6643615,51.0757317
520.0,65.0,3,1,2.0,0,2.0,40.0,1,0,2,1900,10.531907582394243,52.25228085
237.0,46.4,2,6,2.0,0,6.0,40.0,0,0,2,1963,14.0305971,51.1389246
674.6,57.75,2,6,2.414155260346322,0,2.0,40.0,1,0,1,1924,13.4203631,52.5753953
540.0,82.0,3,7,2.414155260346322,0,2.0,40.0,1,0,2,1896,11.981132770626822,51.47199605
690.0,76.5,3,4,3.0,0,2.0,40.0,1,0,2,1907,13.6603921,51.0400795
256.34,58.26,3,6,2.0,0,2.0,40.0,3,0,1,1963,13.9561987,51.7425871
580.0,58.0,2,1,3.0,1,2.0,40.0,3,0,2,1995,13.230384549999997,52.40028100000001
1140.0,75.0,2,4,3.0,1,2.0,40.0,1,0,4,2016,11.8666647,48.1890659
419.0,50.13,1,4,2.0,1,2.0,40.0,1,0,2,1996,13.7790604,51.0682345
1215.0,90.0,3,3,2.414155260346322,1,2.0,10.0,2,0,1,1906,12.138386551963746,54.08688355
292.6,58.52,2,4,2.0,0,2.0,2.4,2,0,2,1910,12.898959321049968,50.81916525
440.0,68.0,3,1,2.0,0,2.0,2.4,1,0,10,1985,8.6110652,53.0569336
250.0,25.36,1,1,2.0,1,2.0,5.0,3,0,1,1973,6.9867899,49.2339313
495.0,58.0,3,4,2.0,0,2.0,10.0,2,1,4,1900,7.135788493584424,51.2565494
1395.3,121.33,3,2,3.0,1,2.0,40.0,2,0,2,2018,13.7319663,51.0495045
170.0,35.0,2,1,2.0,0,3.0,40.0,2,1,2,2013,12.2548816,50.7230817
366.0,64.27,3,3,2.0,0,2.0,10.0,1,0,2,1982,13.6748597,51.0473126
1327.0,115.35,3,2,3.0,1,2.0,40.0,1,1,12,2018,13.5717954,52.4510242
875.0,64.0,2,4,3.0,1,2.0,40.0,2,0,7,2017,8.6761801,49.9946957
750.0,72.0,2,5,4.0,1,7.0,40.0,4,0,7,1983,11.1023907,49.4579257
1350.0,125.84,4,1,3.0,0,2.0,40.0,1,1,4,2004,13.2211868,52.4135228
615.0,79.6,3,1,3.0,0,2.0,10.0,1,0,2,2005,8.5660865,48.5255821
460.0,72.0,3,1,2.0,1,2.0,40.0,1,1,4,1981,6.667765,51.1560961
573.0,83.0,3,3,2.414155260346322,0,5.0,40.0,1,1,4,1950,11.6095409,52.110693
1690.0,121.0,4,4,3.0,1,7.0,2.4,4,0,7,2016,8.7523304,50.1121836
445.0,59.0,2,5,3.0,1,2.5008447819779844,2.4,0,0,2,1998,7.440470217792951,51.4803671
370.0,37.0,2,5,3.0,1,2.0,40.0,2,0,2,1996,13.7955504,51.140982
270.0,56.25,3,8,2.0,0,2.0,40.0,5,0,2,1985,11.9264934,51.4665989
265.0,49.1,2,5,2.0,0,2.0,40.0,3,0,1,1959,13.7671017,51.499648
1120.0,53.34,2,2,2.414155260346322,0,2.0,40.0,4,0,2,1904,13.409157117368752,52.5492898
670.22,58.28,2,2,3.0,1,5.0,40.0,2,0,7,2019,9.983007043844829,51.56116755
410.0,72.0,2,1,2.0,0,2.0,40.0,3,0,2,1955,7.4630456,51.371849
271.0,70.29,3,1,2.414155260346322,0,2.0,40.0,4,0,2,1986,11.8288078,52.6003221
904.38,77.1,2,7,3.0,0,3.0,40.0,4,0,10,1900,13.4961278,52.5061497
355.0,59.28,2,6,2.414155260346322,0,2.5008447819779844,40.0,5,0,2,1910,12.3354551,51.3356194
1289.15,68.27,3,3,3.0,0,1.0,40.0,0,1,2,1931,9.7098645,52.3698014
239.0,45.23,2,1,2.414155260346322,0,2.5008447819779844,40.0,2,0,2,1925,12.939665780959508,50.8263415
365.0,31.9,1,5,2.0,0,2.0,40.0,3,0,1,1972,7.7898241,49.4514655
320.0,62.8,2,5,2.0,0,2.0,2.4,2,0,2,1900,12.9159447,50.8345642
290.0,52.2,2,4,2.0,0,2.0,40.0,3,0,2,2008,12.952399,50.8507213
1100.0,89.0,3,4,2.0,1,2.0,40.0,3,0,7,2018,9.8062558,52.3488546
315.0,35.0,2,1,3.0,0,3.0,40.0,4,0,2,1955,6.089873057308585,50.7650845
320.0,60.0,3,5,2.414155260346322,0,2.0,40.0,2,0,2,1961,12.909439949999996,50.82143965
1268.3,115.3,4,2,3.0,1,2.0,10.0,1,0,8,2019,7.097896501543218,50.80993975
1300.0,130.0,4,4,3.0,1,7.0,40.0,4,0,2,2014,8.86760139036918,50.0756065
1380.0,106.16,4,2,3.0,1,9.0,40.0,0,0,7,2017,13.325771776841083,52.42710185
254.0,57.1,3,6,2.0,0,2.0,40.0,3,0,2,1969,14.967888,51.1258911
370.0,73.0,3,1,2.0,0,2.0,40.0,3,0,2,1957,7.0254082,51.5386396
285.0,46.6,2,8,2.414155260346322,0,2.5008447819779844,40.0,1,0,1,1968,12.24568310750211,51.8434944
535.34,41.18,2,4,3.0,1,3.0,40.0,3,0,8,2018,7.7503849,50.5317077
224.1,44.82,2,1,2.414155260346322,1,3.0,2.4,4,0,2,1908,12.8935145952689,50.83618035
350.0,54.0,3,1,2.414155260346322,0,2.0,10.0,2,0,2,1955,7.589495196598268,51.6146696
1460.0,85.74,2,5,2.0,1,2.0,40.0,1,0,2,1956,11.5447087,48.1343945
950.0,160.0,5,1,3.0,0,4.0,10.0,1,0,3,1970,10.39530140983224,52.33022995
549.0,43.0,1,1,2.0,0,2.0,10.0,1,0,2,1984,9.9513887,53.6252136
661.0,87.0,3,8,2.0,0,2.0,40.0,1,0,4,1940,6.123915881676087,50.7764876
520.0,80.0,3,1,2.0,0,1.0,40.0,0,1,2,1967,9.476369498411016,51.35881955
380.0,52.4,2,1,2.0,0,1.0,2.4,0,0,2,1970,6.4236165,51.3016525
378.5,50.46,2,4,3.0,1,2.0,40.0,2,1,2,1937,12.3827227,51.363179
450.0,69.0,4,5,2.414155260346322,0,3.0,40.0,4,0,2,1968,6.996272899881227,51.16236205
680.0,78.0,3,1,3.0,0,1.0,40.0,1,1,2,1994,6.4825891,51.2171188
288.0,57.6,2,3,2.414155260346322,0,2.0,40.0,3,0,1,1970,13.3084065,53.5820268
700.0,83.0,3,5,2.0,0,3.0,40.0,2,0,2,1993,7.2232054,50.7948118
1490.0,100.78,3,3,2.414155260346322,0,2.0,40.0,1,0,2,1979,10.05636101418978,53.63679945
414.0,68.98,2,1,2.0,0,2.0,10.0,2,0,2,1980,10.5385762,52.9642564
565.0,84.0,3,7,3.0,0,2.0,10.0,2,0,1,1969,6.188382193535183,51.0643077
862.46,71.16,2,5,2.0,0,3.0,40.0,3,0,2,1993,13.2668963,52.6301872
325.0,50.0,2,1,2.414155260346322,0,2.0,40.0,1,0,2,1997,13.95330316683168,50.9300162
1160.0,80.0,3,7,2.414155260346322,1,2.0,10.0,3,1,1,1956,13.3416468,52.4759959
1250.0,78.0,3,5,3.0,0,2.0,10.0,1,0,2,1958,11.520841972858264,48.0399655
280.5,51.0,2,1,2.0,1,2.0,2.4,1,1,2,1910,12.888654589837165,50.83359905
370.0,59.69,3,7,3.0,0,2.0,2.4,0,0,2,1960,7.112936426796821,51.34651935
1290.0,110.0,4,3,4.0,0,3.0,40.0,4,0,7,1933,9.690718433333332,52.3750663
584.73,62.49,2,5,2.414155260346322,0,3.0,2.4,3,0,2,2002,9.6029627,47.5915165
410.0,55.5,2,1,3.0,1,5.0,40.0,2,0,1,2008,6.776328498935015,51.5594098
930.0,147.0,4,6,3.0,0,2.0,2.4,1,0,2,1900,11.968080816337132,51.49181925
482.74,67.61,2,1,2.0,0,2.0,40.0,1,0,2,1974,13.4160723,52.4027314
297.0,49.34,2,1,2.414155260346322,0,1.0,40.0,0,0,2,1900,12.4070697,51.3580523
740.0,123.0,6,5,2.0,0,2.0,2.4,5,0,2,1981,12.2734487,51.3201382
720.0,87.0,4,6,2.0,0,2.0,40.0,2,0,2,1976,8.7539614,50.3402319
570.0,53.0,2,1,2.414155260346322,1,2.0,40.0,5,0,2,1965,7.177381084933865,50.81093835
440.0,70.7,3,1,2.0,0,2.0,2.4,1,0,2,1964,6.356900033279535,50.89880035
575.0,93.0,4,7,2.0,0,2.0,40.0,1,1,4,1939,10.1547932,52.5337473
350.0,63.0,2,6,2.0,0,2.0,40.0,1,1,2,1900,12.64545965,50.59866075
338.0,42.2,2,6,2.414155260346322,0,1.0,40.0,0,0,1,1929,6.958085592081405,51.4781503
520.0,80.0,3,3,3.0,0,2.0,40.0,2,0,2,1963,6.5608315,51.339686
575.0,40.0,1,1,2.0,1,2.0,40.0,2,0,2,1992,7.09651046543514,50.7393437
475.0,60.0,2,1,2.414155260346322,0,5.0,40.0,2,0,2,1995,8.6651634,48.9176576
560.0,85.0,4,5,2.0,0,5.0,2.4,1,0,2,1967,7.331662792671842,51.6504741
1000.0,87.0,4,6,3.0,0,1.0,10.0,1,0,2,1967,7.6777825,47.6181831
380.0,44.5,1,1,2.0,1,2.0,40.0,6,0,2,1970,13.3324852,52.5977389
1350.0,123.0,4,7,2.414155260346322,1,4.0,10.0,5,0,4,1900,8.243865656858892,50.08044365
270.0,65.0,2,5,2.0,0,2.0,40.0,2,0,10,1986,9.035033205458443,51.625998
915.0,122.0,4,1,2.0,0,2.0,40.0,1,0,10,1978,7.7718224,49.4386379
625.0,101.0,4,3,2.0,0,2.0,10.0,2,1,9,1911,6.841087720795351,51.42672605
600.0,48.0,2,1,2.0,0,2.0,10.0,2,0,2,1995,9.1357986,48.77008885
1090.0,75.0,3,6,3.0,0,2.0,40.0,1,1,2,1965,10.2903502,47.4107587
700.46,94.56,2,7,2.414155260346322,0,2.0,40.0,1,0,1,1965,13.1827959,52.5505631
315.0,35.11,1,6,2.414155260346322,1,2.0,40.0,7,0,2,1958,10.517212106485466,52.2910188
791.0,83.16,2,6,2.414155260346322,0,2.0,40.0,1,0,4,1874,10.5827912,54.2968356
1299.0,105.0,3,3,3.0,1,2.0,10.0,2,0,10,1908,6.785353059955752,51.2149881
520.0,85.0,3,6,3.0,1,2.0,40.0,2,0,13,2014,14.9833123,51.1389881
250.0,36.52,1,8,2.414155260346322,0,3.0,40.0,3,0,2,1901,12.4858963,50.7254368
440.0,55.0,2,1,3.0,0,3.0,2.4,2,0,2,1978,6.8010749,51.4476943
1150.0,94.0,3,5,3.0,0,6.0,40.0,0,1,2,1910,7.095394425049118,50.74319285
470.0,67.1,3,5,3.0,0,2.0,40.0,3,0,2,1988,11.0751816,50.9482729
450.0,55.0,2,6,2.0,0,3.0,40.0,2,1,2,1900,13.856778,51.0093865
267.0,43.1,2,4,2.0,0,2.0,2.4,1,1,2,2009,12.3936736,51.29885
300.0,67.3,2,1,2.0,0,3.0,40.0,2,1,10,1908,13.6851478,51.6637253
460.0,45.0,2,7,2.0,0,2.0,2.4,1,1,2,1988,8.577508481593394,49.8578659
276.0,46.0,2,7,2.0,0,2.0,2.4,1,0,2,1900,12.41467494319765,51.34473465
699.0,58.6,2,5,3.0,0,2.0,10.0,2,0,1,1910,13.3024254,52.4325399
690.0,110.0,4,6,2.0,0,1.0,10.0,0,0,2,1978,9.352174120772055,50.2240104
349.0,58.13,2,5,2.0,0,2.0,40.0,2,0,4,1930,7.120576416930154,51.49679935
490.0,70.0,3,8,2.0,0,3.0,2.4,2,0,2,1950,7.523373930769232,51.4698843
325.0,61.6,4,6,2.0,0,2.0,2.4,3,1,2,1971,11.653779378681984,52.277973450000005
1300.0,131.0,3,6,3.0,0,1.0,40.0,0,1,2,1902,7.190227595393141,50.6780141
250.0,30.55,1,1,2.0,0,2.5008447819779844,40.0,2,0,2,1919,12.4415445,50.7224933
260.0,30.0,1,1,2.0,0,6.0,40.0,0,0,2,1925,7.21902426014124,51.2876796
370.93,33.63,1,3,2.414155260346322,1,2.0,40.0,3,0,1,1971,13.31492761671334,52.41118075
459.0,66.67,3,1,2.0,0,2.5008447819779844,40.0,3,0,2,1958,6.7703385,51.3678564
414.55,74.56,4,7,2.414155260346322,0,2.0,2.4,4,0,1,1976,13.6372232,51.015122
455.0,70.0,3,1,2.0,0,2.0,40.0,2,0,2,1958,6.847929022105911,51.42134505
1140.0,67.5,2,1,3.0,0,3.0,40.0,3,0,2,1945,9.166122600000003,48.8284871
445.0,57.0,2,5,2.0,1,2.0,2.4,0,0,2,1980,7.47045542031891,51.5119758
700.0,71.0,2,7,2.414155260346322,0,1.0,40.0,0,0,4,1975,6.819787907271785,51.30910385
375.0,74.92,3,8,2.414155260346322,0,2.0,40.0,2,1,2,1935,11.652323191156835,52.1433325
521.32,70.28,3,7,2.414155260346322,1,2.0,40.0,3,0,1,1989,13.5911324,52.5452832
239.0,43.0,1,1,2.0,0,1.0,40.0,0,0,9,1909,7.5379403,51.3070931
975.0,99.75,3,1,2.0,1,2.0,40.0,4,0,2,1914,13.7656553,51.0589133
575.0,83.0,3,1,3.0,0,3.0,40.0,3,0,10,1964,6.4941519,50.8048701
950.0,116.0,4,1,2.0,0,1.0,40.0,0,1,4,1970,9.2005685,49.9694498
220.0,42.85,1,1,2.414155260346322,0,2.0,40.0,2,0,2,1900,11.0489313,51.8806659
352.0,66.51,2,3,2.414155260346322,0,2.0,2.4,4,0,2,1981,12.2616081,51.3161568
385.0,56.0,2,1,2.0,0,2.0,40.0,2,0,2,1996,6.428661358466032,51.16628535
1400.0,102.6,3,2,3.0,1,9.0,10.0,3,0,2,2019,6.817813665450775,51.190844
350.0,68.89,3,5,2.0,0,2.0,40.0,2,0,1,1977,12.8818612,50.8034465
299.05,64.0,2,7,2.0,1,2.0,2.4,6,0,2,1973,7.38612715,51.44528425
650.0,62.36,2,7,2.414155260346322,0,2.0,10.0,3,0,10,1900,13.210093,52.5279287
1450.0,158.0,5,3,3.0,0,10.0,2.4,1,1,2,1954,8.311728264886296,48.78068795
230.0,47.37,1,1,2.414155260346322,0,2.5008447819779844,40.0,1,0,2,1932,12.656081150000004,51.4672298
289.0,55.0,2,1,3.0,0,3.0,2.4,4,0,4,1995,11.4640751,51.7633248
340.7,69.05,4,5,2.414155260346322,0,2.0,2.4,2,0,2,1960,11.992058534720572,51.3344731
690.0,51.91,2,7,2.414155260346322,0,2.0,40.0,1,0,2,1954,9.965845871487604,53.5826801
200.0,40.45,2,1,2.0,0,1.0,40.0,0,0,1,1946,13.7511739,50.7641457
1047.6,87.3,3,6,3.0,1,2.0,40.0,4,0,2,1961,11.3651744,48.1293915
208.0,32.0,1,1,2.0,1,2.0,2.4,2,0,4,1993,13.8685493,50.9761512
885.0,100.3,3,5,2.0,0,2.0,40.0,3,0,1,1950,8.674811061945611,50.5862735
284.48,37.93,1,6,3.0,1,2.0,40.0,6,0,2,1988,13.589371479209966,52.543521850000005
680.0,85.0,2,3,3.0,0,9.0,40.0,0,1,7,1983,7.408996,51.4172652
799.0,90.0,2,4,3.0,1,1.0,2.4,0,1,2,2016,8.1980492,53.2490239
1279.0,30.0,1,3,4.0,0,2.0,10.0,1,0,10,1870,6.941469110717469,50.93716475
250.0,64.0,3,6,2.414155260346322,0,2.5008447819779844,40.0,0,1,1,1886,12.377205749999998,50.73211735
455.0,65.0,3,7,3.0,0,6.0,10.0,1,0,2,1907,11.9795548,51.4697277
495.0,82.0,3,1,2.414155260346322,0,2.5008447819779844,40.0,2,0,10,1960,6.8920186,51.4519212
350.0,75.0,2,1,2.0,0,2.0,40.0,4,0,1,1954,7.095784069532112,51.509417850000006
249.0,50.0,3,1,2.0,0,2.0,40.0,1,1,2,1938,7.109734735124562,51.56375485
501.28,72.44,3,1,2.0,1,1.0,40.0,0,0,1,1999,9.8333014,52.3382561
579.27,48.56,2,7,2.414155260346322,0,2.0,40.0,2,0,4,1954,8.243713778509337,50.00511395
410.0,51.13,2,1,2.0,0,2.0,10.0,2,0,2,1994,8.225719720962035,53.10960905
283.25,34.0,1,1,2.0,0,2.0,40.0,5,0,1,1958,13.3073038,52.4993933
985.0,176.0,4,1,2.0,0,4.0,10.0,0,1,7,1981,9.843269526020409,52.56872495
373.0,67.16,3,1,3.0,0,1.0,40.0,0,0,1,1956,12.9333822,50.8246575
320.0,70.0,3,5,2.0,0,3.0,2.4,3,1,10,2004,7.338865462265867,51.6509671
576.0,57.6,2,1,2.414155260346322,1,2.0,2.4,7,0,2,1975,9.983917813006956,53.6837833
790.0,79.0,2,6,2.0,0,2.0,40.0,3,0,10,1910,13.4376299,52.4511815
1550.0,123.0,3,1,3.0,0,2.0,40.0,2,0,2,2010,8.9381604,48.6616311
340.67,69.0,2,7,2.0,0,2.0,10.0,1,0,2,1930,12.2890763,52.2670979
448.14,64.02,3,5,2.414155260346322,0,2.0,40.0,1,0,4,1930,11.9593989,51.512816
318.74,59.4,2,1,2.0,0,2.5008447819779844,40.0,4,0,2,1996,14.6525861,52.141827
275.0,50.0,2,1,2.0,0,5.0,10.0,2,0,1,1953,7.101045124448508,51.52583975
227.1,44.53,2,6,2.0,0,2.5008447819779844,40.0,2,0,2,1937,12.071968,50.8759008
450.0,90.0,3,9,1.0,0,2.0,2.4,2,0,2,1970,9.3671179,50.2716374
400.0,42.21,2,5,2.0,0,6.0,10.0,0,0,2,1972,10.703728691101611,53.84386615
383.0,67.02,3,7,2.414155260346322,0,2.5008447819779844,2.4,1,0,10,1965,7.352932456605416,51.66573395
450.0,50.0,2,5,2.0,0,2.0,40.0,4,0,1,1960,12.1170184,54.0736446
1250.0,115.0,3,1,4.0,1,1.0,2.4,1,1,7,2012,7.228558682763976,51.4501324
1150.0,156.0,6,6,2.0,0,1.0,10.0,0,0,4,1957,6.569336196336577,51.3298548
170.0,32.0,1,1,2.0,0,3.0,40.0,4,1,2,1922,12.9330199,50.8279916
1000.0,80.0,2,2,3.0,0,2.0,40.0,4,0,7,1964,7.0062436,50.9611628
540.0,73.0,3,5,3.0,0,2.0,40.0,3,0,10,1962,8.127835896681496,53.52804535
255.0,47.6,2,7,2.0,0,3.0,40.0,3,0,2,1940,10.340326,52.1690903
1090.0,140.0,4,4,3.0,1,2.0,10.0,6,0,2,1972,9.8573908,52.3586428
300.0,30.1,1,1,3.0,0,1.0,2.4,0,0,2,1998,10.8917046,48.2631742
320.0,68.28,4,3,2.0,0,2.0,40.0,2,0,2,1978,12.548217,50.7650994
510.0,63.0,2,1,2.414155260346322,1,2.0,40.0,1,0,1,2001,8.7764098,52.9984898
390.0,51.98,2,2,3.0,1,2.0,40.0,1,0,8,2017,7.0137042,51.9584308
304.0,57.0,3,5,2.0,0,2.5008447819779844,40.0,4,0,1,1985,14.388324801894315,52.5345413
500.0,49.0,2,1,2.414155260346322,0,3.0,40.0,4,0,4,1927,9.32489765,48.73505445
940.0,110.0,3,1,3.0,1,7.0,2.4,3,0,2,1999,8.9818917,50.1620113
650.0,68.0,2,5,3.0,0,1.0,2.4,0,1,2,1954,8.5149291,51.9877417
140.0,32.65,1,7,2.414155260346322,0,2.5008447819779844,40.0,1,0,1,1979,13.2775293,53.5770777
390.0,65.0,2,3,3.0,1,1.0,2.4,0,0,1,1977,6.709620773485423,51.3985217
420.0,75.82,3,5,2.0,0,4.0,40.0,3,0,2,1904,12.4898512,50.7182025
380.0,70.0,3,1,3.0,0,3.0,40.0,4,0,2,1997,11.0592377,51.89341
575.0,82.45,4,3,2.0,0,2.0,10.0,2,1,10,1954,7.2876704,51.2928684
720.0,96.0,4,1,2.0,0,2.0,40.0,2,0,2,1982,9.6149742,47.7839768
300.0,60.72,3,1,2.414155260346322,0,2.0,40.0,0,0,1,1962,10.8841928,51.3627638
425.0,39.0,2,1,2.0,0,3.0,40.0,3,0,2,1972,10.8941325,48.2808752
295.0,54.76,2,6,2.0,0,6.0,2.4,0,0,2,1910,13.3457837,50.9154631
368.65,65.83,2,1,2.0,0,1.0,40.0,0,0,10,1956,6.7178113,51.4121222
347.0,59.73,3,7,2.414155260346322,0,2.0,40.0,3,0,1,1974,11.9466809,51.45629905
945.0,100.0,4,3,2.414155260346322,1,2.0,40.0,5,0,2,1973,9.298060289545871,48.742458600000006
590.0,60.0,2,5,3.0,0,2.0,40.0,4,0,2,1955,8.8119291,53.0819097
397.0,62.58,3,7,2.414155260346322,0,2.5008447819779844,40.0,4,0,1,1961,13.2709365,53.5461795
466.0,51.82,1,1,3.0,1,2.0,40.0,2,1,2,2000,6.999507055066889,51.4574118
209.0,44.28,2,1,2.0,0,1.0,2.4,0,1,1,1910,12.900802598381224,50.8322159
325.0,59.0,2,6,2.414155260346322,0,2.5008447819779844,2.4,3,0,1,1999,13.31700466304679,50.67143105
689.0,53.0,2,4,2.0,1,2.0,10.0,5,0,2,1963,13.312588628484184,52.5137875
225.0,44.0,1,7,2.414155260346322,0,5.0,40.0,0,0,4,1910,12.926965688540507,50.820898850000006
405.0,74.0,4,5,2.0,0,3.0,40.0,3,1,2,1927,6.7230181,51.4668788
355.0,33.03,1,1,2.0,0,2.0,10.0,2,0,2,1911,11.0375818,50.9826694
920.0,67.78,2,1,3.0,1,2.0,10.0,1,0,1,2007,9.17231555005387,47.67066665
593.0,79.0,2,4,3.0,1,1.0,40.0,0,1,1,1905,12.379213364377248,51.334490200000005
412.5,66.0,2,1,2.0,1,3.0,40.0,3,0,2,1983,6.9404417,51.5291957
274.0,56.98,3,6,2.414155260346322,0,2.0,2.4,3,0,2,1980,11.963673118619312,51.44275045
1156.44,93.01,3,2,2.0,1,2.0,40.0,8,0,2,1964,13.3855413,52.4854093
420.0,53.47,2,1,2.0,1,2.0,2.4,3,0,2,2000,11.0764376,53.5106929
595.0,51.72,2,1,3.0,0,2.0,40.0,3,1,2,1997,13.6314351,52.4531087
1115.0,71.04,2,2,3.0,1,2.0,2.4,2,0,7,2018,8.6289348,50.1153853
495.0,70.0,2,6,2.0,0,3.0,2.4,2,0,2,1900,8.105454398200887,51.5706253
1380.0,149.0,4,3,3.0,0,10.0,40.0,1,0,3,1905,7.47801850496641,51.45644085
360.0,55.0,2,7,2.414155260346322,0,2.0,40.0,2,1,2,1956,7.205640106660583,51.1726017
370.0,61.04,3,6,2.414155260346322,0,2.5008447819779844,40.0,1,0,2,1972,11.36888,53.654412
1080.0,115.0,3,6,2.0,0,3.0,40.0,2,0,4,1993,9.941269069252224,51.563276
322.0,58.5,2,6,2.0,0,2.0,2.4,1,0,2,1928,12.91128417093833,50.87149975
340.0,54.24,2,1,2.0,0,2.0,2.4,1,0,10,1966,6.17761615449202,50.874733
296.43,55.93,3,1,2.0,0,5.0,2.4,5,0,1,1981,11.6256185,52.1518417
503.56,77.47,4,7,2.414155260346322,0,2.0,10.0,2,0,1,1978,13.7992974,51.0037919
800.0,100.15,2,5,2.0,0,3.0,40.0,2,0,12,1938,10.0235027,48.4015328
545.0,97.0,5,1,2.0,0,2.0,40.0,0,0,2,1976,10.09126897303356,52.64415195
345.0,53.4,2,1,2.414155260346322,0,2.5008447819779844,2.4,1,0,3,1974,9.9517163,53.3062717
395.0,60.0,1,1,1.0,0,1.0,2.4,0,0,10,1924,10.8538244,52.3442765
346.66,63.96,2,1,2.0,0,3.0,40.0,3,0,2,1993,7.175914617395232,51.59098535
895.0,71.7,2,2,3.0,1,2.0,40.0,1,0,1,2019,7.698667151295906,51.988027900000006
301.77,63.0,3,1,2.414155260346322,0,6.0,40.0,0,1,2,1957,13.829641,51.0001329
600.0,55.0,2,2,3.0,0,2.0,40.0,3,0,12,2020,9.8357479,48.623247
814.45,62.65,2,2,3.0,1,2.5008447819779844,40.0,2,0,1,2018,10.89146254934426,49.89321495
950.0,105.13,3,4,3.0,1,2.5008447819779844,40.0,1,0,2,2018,8.74879207876588,48.9361062
282.0,47.0,2,6,2.0,0,2.5008447819779844,2.4,1,1,2,1878,13.3303152,50.9116648
850.0,87.0,3,3,3.0,0,2.0,40.0,1,0,2,1938,9.988839491616687,48.38683345
399.21,76.04,3,1,2.414155260346322,0,1.0,40.0,0,0,2,1969,6.4234179,51.2389353
654.0,57.88,2,7,2.0,0,2.0,40.0,1,0,2,1970,9.7720549,53.5298239
1020.0,88.4,3,4,4.0,0,4.0,2.4,0,1,2,2013,7.032093200000001,50.8304998
548.8,98.0,4,7,2.0,0,1.0,40.0,0,1,4,1967,6.891543716593087,51.4820335
750.0,70.0,2,7,3.0,0,3.0,40.0,3,0,3,1960,10.3028629,53.9417355
180.0,36.0,2,1,2.0,0,1.0,40.0,0,1,2,1900,14.5277231,51.0709513
270.0,32.0,1,6,2.0,0,2.0,10.0,1,0,2,1874,13.820739861801895,51.04995735
795.0,110.0,3,7,3.0,0,3.0,40.0,3,0,4,1896,11.39945568059801,53.6360206
660.0,65.0,2,4,3.0,1,1.0,40.0,0,1,6,2012,12.142711,48.8254108
950.0,64.0,3,4,3.0,1,4.0,10.0,5,0,2,2009,9.070086365000002,48.514661700000005
445.0,45.74,2,7,2.414155260346322,0,2.0,40.0,3,0,2,1939,13.555125,52.4404275
320.48,59.68,2,1,2.0,0,2.5008447819779844,40.0,2,0,2,1996,14.6456577,52.1388368
725.0,24.05,1,2,3.0,1,7.0,40.0,6,1,7,2019,13.3093302,52.5118617
550.0,50.0,2,1,1.0,0,2.0,10.0,2,0,4,1966,9.7997897,53.6583844
450.0,75.0,3,6,2.0,0,2.0,1.0,1,0,10,1900,11.8531638,52.2697467
297.0,54.0,2,6,2.0,0,6.0,40.0,1,1,4,2008,14.4065636,51.8595126
940.0,100.0,4,1,2.0,0,2.0,2.4,2,1,2,1978,6.868278435916012,50.88196815
859.95,71.6,2,4,3.0,1,2.0,2.4,5,0,4,2016,8.5901204,53.5318364
748.0,84.0,3,2,3.0,1,2.0,40.0,3,0,7,2018,12.394931188947735,51.33273665
660.0,80.0,3,1,2.0,0,2.0,40.0,1,1,3,1962,7.456469525606493,51.4642719
320.0,29.0,1,5,2.0,0,2.0,2.4,2,1,2,1996,13.7722164,52.5120336
850.0,110.0,3,1,3.0,0,4.0,2.4,0,0,7,1997,6.317367075336828,50.78325715
269.0,58.42,3,6,2.414155260346322,0,2.5008447819779844,2.4,3,0,1,1963,13.2621784,51.3176886
590.0,78.0,2,1,2.0,0,3.0,2.4,2,0,2,1995,9.02449835,50.0324426
600.0,64.0,2,1,3.0,0,2.0,40.0,2,1,10,1939,9.7870172,52.3735202
700.0,83.26,3,1,3.0,0,5.0,40.0,1,0,2,1988,8.6752129453125,48.89522015
469.0,67.0,2,6,2.0,0,2.0,40.0,2,0,4,1900,13.7044002,51.0509022
780.0,78.0,3,1,3.0,0,1.0,40.0,0,1,4,1999,12.1721428,48.5775132
299.5,59.85,3,1,2.0,0,5.0,2.4,3,0,2,1987,13.2406991,51.5884196
309.17,76.87,3,1,2.0,1,2.0,40.0,4,1,2,1971,12.2531038,49.9466691
459.21,38.3,1,1,2.414155260346322,1,2.0,40.0,1,0,2,1986,6.8101959012394575,51.24775355
704.0,93.0,3,1,3.0,0,2.5008447819779844,40.0,1,0,7,1997,12.328271960054575,51.38206115
460.0,38.64,2,2,3.0,1,3.0,2.4,2,0,7,2019,11.4635928,48.8091113
900.0,87.0,2,1,2.0,0,6.0,40.0,0,0,4,1905,7.6617973,47.606059
339.0,41.64,2,3,2.414155260346322,0,2.0,40.0,2,0,1,1970,11.606561706215448,52.13815455
636.0,77.0,3,1,2.0,0,2.0,2.4,2,0,1,1966,7.018885356169113,51.10277165
450.0,86.14,3,1,2.0,0,2.5008447819779844,40.0,4,0,2,1997,12.3303807,51.6235703
649.0,58.93,2,1,2.414155260346322,0,2.0,40.0,3,0,2,1905,13.5797058,52.444487
239.99,46.6,2,7,3.0,0,1.0,40.0,2,1,1,1963,12.07325187544719,51.29720275
800.0,80.0,3,5,2.414155260346322,0,2.5008447819779844,40.0,3,0,2,1968,11.090698262630434,49.46986355
1350.0,105.0,4,4,3.0,0,2.0,40.0,1,1,2,2012,6.790516978336583,51.2699803
1290.0,140.0,5,2,3.0,0,5.0,40.0,1,0,12,2020,9.1278846,49.9531765
535.0,107.07,5,6,3.0,0,2.0,40.0,4,0,1,1930,12.9330199,50.8279916
195.0,55.58,2,1,2.414155260346322,0,2.5008447819779844,40.0,1,0,5,1983,11.0902809,53.0888183
535.4,62.62,2,1,2.0,1,2.0,40.0,3,1,1,1997,13.6965068,51.0770399
995.0,105.0,2,4,3.0,0,2.0,10.0,1,0,7,2015,9.9233312,49.8251683
308.0,56.0,2,6,2.0,0,3.0,40.0,3,0,2,1916,11.6598333,52.0868041
350.0,60.0,2,1,2.0,0,3.0,2.4,2,0,2,1880,8.8198305,53.4350662
393.0,65.36,2,1,2.414155260346322,0,2.5008447819779844,40.0,2,0,1,1950,6.956820023726857,51.4780737
430.0,86.0,3,5,3.0,0,4.0,10.0,2,0,7,1980,9.0175365,51.7376415
995.0,97.0,4,5,2.0,0,3.0,40.0,2,0,2,1982,10.995351404719267,49.634996650000005
235.0,45.4,2,6,3.0,0,2.5008447819779844,40.0,1,1,2,1930,12.9464115,50.8351016
1425.0,150.0,4,4,4.0,1,2.0,2.4,2,1,7,2010,8.6785849,50.5893291
490.0,87.0,2,1,2.0,0,3.0,40.0,3,0,10,1998,12.3741419,50.7283717
380.0,55.0,2,1,3.0,0,2.0,40.0,1,0,4,1911,7.678980063518519,51.53335645
515.0,64.0,2,5,2.414155260346322,0,2.0,40.0,2,1,10,1949,9.6576416,52.4103055
347.58,67.1,3,1,2.0,0,3.0,40.0,3,0,2,1998,7.313237884973287,51.22077945
1346.5,124.99,4,4,3.0,1,1.0,10.0,0,1,7,2014,9.221381,49.149641
420.0,60.0,2,5,2.0,0,2.0,40.0,2,1,2,1900,12.2939568,51.3549827
320.0,72.0,3,9,2.0,0,2.5008447819779844,40.0,1,0,10,1950,7.1109426,51.5346899
400.0,66.0,3,1,2.0,0,3.0,2.4,3,1,2,1910,12.526209579725087,50.624429500000005
420.0,77.0,4,1,2.0,0,3.0,40.0,2,1,10,1925,12.069528826037526,51.2999714
549.0,75.0,3,6,2.0,0,2.0,40.0,1,0,1,1984,7.018585845464726,51.45542635
630.0,79.6,2,1,3.0,1,2.0,40.0,3,0,2,2015,8.502384395267963,50.5607825
300.91,61.41,3,7,2.414155260346322,0,2.5008447819779844,40.0,3,0,1,1989,11.143139,51.7875097
343.0,50.3,2,6,2.414155260346322,0,2.0,40.0,3,0,2,1963,11.3893171,53.63338175
1190.0,119.0,4,6,3.0,1,2.0,40.0,1,0,2,1971,8.242673,48.7565276
377.0,55.72,2,6,2.0,0,2.5008447819779844,40.0,1,0,8,1935,13.6887952,51.0375038
241.0,40.0,1,5,2.0,0,2.0,40.0,2,0,2,1982,12.524113,52.4314887
580.0,86.0,3,1,2.0,0,2.0,40.0,1,0,2,1962,6.4166286,51.1631253
312.0,50.4,2,6,2.414155260346322,0,2.5008447819779844,40.0,1,1,2,1928,12.9439516,50.8149686
357.0,70.0,3,1,2.414155260346322,0,3.0,2.4,4,0,2,1912,10.3141564,50.9756594
400.0,79.0,4,7,2.0,0,2.5008447819779844,40.0,3,0,2,1970,14.256992,51.8283835
960.0,88.1,3,1,2.0,0,1.0,40.0,1,1,2,1910,13.028527944771026,52.3894587
426.0,53.25,2,1,2.0,0,2.0,40.0,2,0,2,1962,7.028282841284889,51.452771
1050.0,87.0,3,1,3.0,1,2.0,40.0,1,0,2,2009,9.387738393799282,47.716215250000005
385.0,84.0,3,5,3.0,0,2.0,10.0,2,0,2,1978,10.335978355413427,51.93490825000001
1200.0,100.0,3,2,4.0,1,3.0,40.0,2,1,4,2018,8.795886911141206,49.9711821
355.0,21.96,1,1,2.0,1,2.5008447819779844,10.0,5,0,2,1958,13.4419575,48.5711899
435.0,54.29,2,6,3.0,1,2.0,40.0,2,0,1,1961,9.475952278151617,54.8131259
355.0,48.9,2,6,2.0,0,2.5008447819779844,40.0,1,0,2,1913,13.69720824326319,51.0696239
720.0,108.0,4,1,2.0,1,2.0,2.4,1,0,2,1991,6.3805474,51.2016341
1575.0,105.0,3,5,4.0,1,4.0,2.4,2,1,7,1996,6.7618543770606045,51.2500578
695.0,42.51,2,2,2.414155260346322,0,3.0,40.0,4,0,2,2020,9.9255305,53.5508096
1240.0,95.0,4,4,3.0,1,3.0,40.0,4,1,7,2016,12.1524715,54.0839825
750.0,124.71,4,6,2.0,0,1.0,40.0,1,0,2,1981,9.711539701297143,50.873824600000006
475.0,60.0,2,8,3.0,0,3.0,40.0,2,0,7,2006,6.6669967,51.4409209
480.0,69.0,3,1,2.0,0,3.0,2.4,2,0,3,1994,13.0094193988673,48.7952744
490.0,86.0,3,1,2.0,0,3.0,40.0,2,0,4,1955,7.0082502838534335,51.47950175
485.0,80.0,3,1,2.0,0,2.0,40.0,3,0,2,1912,7.2336615,51.5376958
770.0,100.0,2,6,3.0,0,3.0,40.0,2,0,4,1932,13.8435792,51.01701215
690.0,105.0,3,3,3.0,0,2.0,2.4,2,1,2,1928,13.344282157481228,50.91064575
370.0,74.0,3,6,2.0,0,3.0,40.0,4,1,2,1900,11.9674804,51.2092615
360.0,55.0,2,7,2.414155260346322,0,2.0,40.0,2,1,2,1956,7.205640106660583,51.1726017
302.0,59.7,3,1,2.414155260346322,0,2.0,40.0,5,0,2,1970,13.0566115,54.3271293
299.0,63.29,3,1,2.414155260346322,0,2.0,40.0,3,0,2,1958,12.936199644911502,50.82587495
332.0,62.0,3,3,3.0,0,2.0,40.0,1,0,1,1924,6.7249589,51.40901555
900.0,60.0,3,3,3.0,0,5.0,40.0,0,0,4,1994,8.568786846367715,49.9742863
310.0,49.61,2,6,2.0,0,3.0,40.0,4,1,2,1930,12.3259443,51.3738333
1450.0,192.0,6,5,3.0,0,5.0,2.4,1,1,4,1924,7.199226251283537,51.60994825
850.0,93.0,3,1,2.0,0,1.0,10.0,1,1,2,1955,7.509929495667201,51.5136027
323.0,34.0,1,4,2.0,0,1.0,40.0,1,0,3,2015,8.253326656805019,50.06712535
450.0,75.0,3,1,2.0,1,2.0,10.0,2,0,1,1973,7.028837796173235,51.45091255
365.0,43.0,1,5,2.0,1,2.0,10.0,1,0,2,1999,9.01384131697998,48.25483425
399.0,52.24,2,1,2.0,1,2.0,40.0,0,0,2,1997,13.7507959,51.0214408
565.95,70.13,3,7,2.414155260346322,0,2.0,40.0,3,0,1,1961,10.535123659241984,52.2788697
780.0,69.0,2,1,2.0,1,2.5008447819779844,40.0,5,0,1,1972,8.5266245,50.1520344
360.0,64.61,3,5,2.0,0,1.0,40.0,0,0,2,1959,7.594355887923523,51.62180615
650.0,25.0,1,6,3.0,1,2.0,40.0,4,0,7,1883,7.8425588,47.989088
309.55,64.49,4,3,2.0,0,2.5008447819779844,40.0,5,0,4,1985,11.9243287,51.4664987
642.26,75.56,3,2,4.0,1,3.0,40.0,5,0,7,1900,12.309859656711373,51.3493612
610.0,70.0,2,1,2.414155260346322,1,2.5008447819779844,2.4,5,0,2,1972,13.385364784062675,52.4566162
639.5,98.39,4,3,3.0,1,2.0,2.4,1,0,2,1900,12.9235306,50.8245471
325.0,30.07,1,1,3.0,0,3.0,40.0,2,0,6,2017,13.734044125454238,51.0665243
540.0,72.0,2,5,3.0,1,2.0,2.4,6,0,2,1973,12.9575641,48.842048
720.0,75.0,3,1,2.414155260346322,0,6.0,10.0,0,0,10,1911,9.195249438823426,49.121158300000005
1450.0,58.94,2,2,3.0,1,2.0,40.0,1,1,7,2019,13.3583647,52.5018885
360.0,36.0,1,2,3.0,0,10.0,10.0,0,0,4,1954,7.462882300938135,51.52613535
220.0,35.7,2,6,2.0,0,3.0,2.4,1,0,2,1997,11.316813982119726,50.78706095
340.0,62.0,1,1,2.0,0,2.0,40.0,2,0,2,1955,7.4617539,51.3731659
500.0,45.0,2,1,2.0,0,2.0,40.0,3,1,2,1954,9.7549863,53.5813545
880.0,74.0,3,1,3.0,1,2.0,10.0,7,0,1,1964,8.632089098600463,50.162244400000006
306.06,32.6,1,7,2.414155260346322,1,2.0,40.0,5,0,1,1989,13.5870849,52.5493543
174.0,28.0,1,7,2.0,0,2.0,40.0,4,0,1,1976,12.0611344,54.1572746
320.0,41.0,2,1,2.414155260346322,0,2.0,10.0,2,0,2,1925,13.717538,51.0779794
338.0,65.45,4,7,2.0,1,2.0,40.0,2,0,2,1978,11.9265677,51.4687786
415.0,70.0,3,1,2.0,0,2.0,40.0,1,1,3,1965,9.9257764,52.1412538
370.0,61.91,2,3,3.0,0,5.0,2.4,1,0,2,1995,12.2116419,51.5579135
280.0,51.4,2,1,2.0,1,2.0,2.4,2,0,2,2006,9.2313757,54.7652806
720.0,60.0,2,6,2.0,0,2.0,10.0,1,0,2,1929,13.2902755,52.4828699
690.0,50.63,2,2,3.0,1,2.0,10.0,2,0,7,2018,10.2326931,53.6696338
320.0,58.0,3,1,2.0,0,2.0,40.0,1,0,2,1960,11.3595307,53.8017375
258.5,47.0,2,6,2.414155260346322,0,5.0,40.0,2,0,1,1962,12.5005863,50.7376711
569.0,72.78,3,1,2.0,1,2.0,40.0,2,0,2,1987,6.957476064584926,51.6774291
851.84,88.0,3,4,3.0,0,7.0,2.4,2,0,7,2016,6.1260089,50.8263693
400.0,57.95,2,7,2.0,0,2.0,40.0,3,1,2,1903,12.327826510855822,51.32142935
330.0,71.0,3,6,2.0,0,1.0,40.0,1,1,2,1920,12.732825444893113,50.7877245
300.0,62.49,2,6,2.414155260346322,0,2.5008447819779844,40.0,3,0,2,1900,12.9373326,50.8188519
402.0,55.79,2,6,2.414155260346322,1,2.0,40.0,3,0,1,1966,10.1899298,54.3390233
298.0,59.64,2,3,2.414155260346322,0,2.0,10.0,1,0,2,1994,10.728520354770712,53.3808715
378.0,58.18,2,8,2.0,0,2.5008447819779844,2.4,4,0,2,1995,11.9611107,51.4985708
490.0,68.0,2,1,2.0,0,3.0,40.0,3,0,7,1970,6.130095923798087,50.795240500000006
545.0,68.0,3,7,2.0,0,6.0,40.0,0,0,2,2005,9.96004049691012,52.1510339
1090.0,60.0,2,7,2.414155260346322,1,2.0,2.4,2,0,2,2007,7.0056901,50.9726629
370.0,78.0,3,1,2.0,1,2.0,40.0,4,0,2,1977,7.094590116678203,51.55596325
395.0,62.0,2,8,2.0,0,2.0,2.4,3,1,4,1974,6.9570456,51.3249898
330.0,65.0,2,1,2.0,1,2.0,2.4,1,0,2,1993,12.7507617,51.3701898
1100.0,105.0,3,1,2.0,0,2.0,10.0,0,0,2,1976,12.085808449999996,49.0388724
315.0,60.0,2,5,2.0,0,3.0,40.0,3,1,4,1890,13.4594687,51.1438198
590.0,74.0,2,6,3.0,1,2.0,40.0,2,0,2,1976,10.1733778,47.9799802
511.35,68.18,2,3,2.0,0,2.0,40.0,0,0,1,1870,6.855184,51.4700105
715.0,70.0,3,5,2.414155260346322,0,2.0,40.0,2,0,2,1958,9.3402863,48.7382584
579.0,60.0,2,1,2.0,0,2.0,40.0,3,0,2,1997,13.5943639,52.4482769
570.0,87.0,3,4,3.0,0,3.0,40.0,1,1,2,1954,9.2240147,52.782295
246.22,39.0,1,1,2.0,0,3.0,40.0,2,0,10,1956,6.818332592890958,51.43616405
460.0,92.0,4,5,2.0,0,2.0,2.4,4,0,2,1988,8.5805725,53.5569946
699.0,95.88,3,3,2.414155260346322,0,2.0,40.0,2,0,2,1900,11.604251,52.1126244
665.0,107.35,3,1,2.0,0,2.0,10.0,3,0,2,1952,6.7874081,51.5300069
1250.0,140.0,5,1,3.0,0,2.0,2.4,1,0,2,2004,8.576714647265359,49.703340100000005
449.0,74.0,2,1,2.0,0,2.0,40.0,1,0,2,1991,6.3391314,51.2528038
280.0,44.0,2,1,2.0,0,3.0,2.4,2,0,2,1928,12.5918532,51.2773627
305.0,49.7,2,5,2.0,0,1.0,40.0,0,0,1,1976,14.1132733,51.2908595
860.0,140.0,4,1,2.0,0,2.0,40.0,1,0,2,1975,6.44501,51.1931885
441.0,60.47,3,7,2.0,0,2.5008447819779844,2.4,1,0,2,1900,11.31837008555046,50.9905844
1150.0,91.11,4,3,3.0,0,5.0,2.4,1,0,4,1976,9.1245339,49.9805914
299.85,31.9,2,1,2.414155260346322,0,2.0,10.0,1,0,2,2000,12.402861534793184,51.3432217
365.0,65.26,3,1,2.0,0,2.5008447819779844,40.0,0,0,2,1995,12.85852835,50.88084835
750.0,111.0,3,1,3.0,0,2.0,40.0,2,0,10,1958,7.3054331,51.4913909
835.2,69.6,2,2,3.0,1,7.0,40.0,3,1,7,2019,12.415466,51.3124779
660.0,72.0,3,7,2.0,0,2.0,40.0,0,1,4,2009,6.3538141,50.9199442
880.0,180.14,3,8,3.0,1,4.0,2.4,4,1,2,1910,12.127200526947457,50.5006652
304.0,55.15,2,6,2.0,0,1.0,40.0,0,0,2,1900,12.4216446,51.3325976
828.16,97.43,3,7,2.414155260346322,0,2.0,40.0,2,0,4,1895,12.322693158882585,51.31921685
450.0,70.0,2,1,3.0,0,4.0,2.4,3,0,10,1984,7.274469262002333,50.5035019
670.0,100.54,4,1,2.0,0,2.0,2.4,3,0,2,1982,9.4141277,53.1100335
350.0,53.5,2,5,3.0,0,3.0,40.0,2,0,2,1974,7.400621595428696,51.334653450000005
995.0,110.0,4,4,3.0,0,4.0,40.0,4,0,2,1904,9.679484324706632,50.5502411
680.0,68.0,3,7,2.0,0,2.0,40.0,2,1,2,1973,11.4424406,48.782695
400.0,48.0,2,1,2.0,0,2.0,40.0,2,0,2,1975,8.917591599726027,50.130775
995.0,83.87,3,3,3.0,0,1.0,40.0,0,0,2,1890,13.5130206,52.4666048
1804.0,104.25,3,6,3.0,0,2.0,40.0,4,0,6,1904,10.01831221403938,53.5618241
690.0,96.0,2,1,3.0,0,4.0,40.0,1,0,4,1980,6.530756637147263,51.42827325
255.0,31.0,2,1,2.0,1,2.0,2.4,3,0,2,1991,6.996897194047788,51.4773678
1680.0,112.3,3,5,2.414155260346322,0,2.0,40.0,2,1,4,2008,6.759814046432615,51.2291278
451.0,82.0,3,5,2.0,0,2.5008447819779844,40.0,3,0,2,1918,7.01288706843394,51.53491675
355.0,48.64,1,5,2.0,0,2.0,10.0,1,0,2,1997,12.7923271,52.9127761
349.0,49.78,2,5,2.0,0,6.0,10.0,1,0,2,1998,11.620609342638463,52.1357394
930.0,108.82,4,3,3.0,0,4.0,40.0,3,0,7,1930,12.321939180538656,51.33442955
345.0,43.0,2,7,2.0,0,6.0,40.0,0,1,2,1975,6.909176191775922,51.48035475
625.0,65.0,2,1,2.0,0,2.0,10.0,1,0,2,1960,10.083158751807249,53.66162145
275.0,48.0,2,1,2.0,0,2.0,10.0,2,0,9,1912,6.9096073,51.4417573
266.0,50.0,2,1,2.0,0,1.0,40.0,0,0,4,1900,12.4397371,50.9920309
630.0,59.75,2,4,3.0,1,2.0,2.4,1,0,7,2016,6.8170119,50.9132443
600.0,85.87,2,4,2.0,0,2.0,40.0,1,1,4,1996,12.3260342,51.315472
779.0,95.0,2,3,3.0,0,2.0,40.0,2,0,2,1893,12.367978548674545,51.35628025
520.0,69.49,2,1,2.0,0,3.0,2.4,3,0,2,1978,9.7467764,48.7333651
323.0,51.65,2,6,2.0,1,1.0,40.0,1,0,2,2011,11.2309121968544,52.027269
287.0,60.89,3,8,2.0,0,1.0,40.0,0,0,1,1984,14.1629575,51.5827804
350.0,60.0,3,1,2.0,0,2.0,10.0,1,1,10,1938,7.647270871648216,51.2097798
200.0,37.54,1,1,2.0,1,2.0,40.0,4,0,2,1980,14.3321397,51.7265397
590.0,137.0,3,7,1.0,0,9.0,40.0,1,1,2,1980,10.0295126,52.552245
525.0,96.0,3,4,3.0,0,2.0,10.0,2,0,4,1901,7.565718545694555,51.44070165
320.0,58.0,3,5,2.0,0,1.0,2.4,0,0,2,1999,12.231387424950142,51.2755403
405.0,50.27,2,1,2.0,0,1.0,2.4,0,0,4,1948,9.990313,54.086518
887.6,63.4,2,1,2.0,0,4.0,40.0,5,1,2,1910,13.4696307,52.5141613
335.0,63.03,3,1,2.414155260346322,0,1.0,40.0,0,0,4,1962,9.6809936,50.8511275
286.0,65.0,3,6,2.414155260346322,0,1.0,40.0,0,0,2,1959,12.3102504,51.3177271
462.0,84.0,3,3,2.0,0,1.0,40.0,0,1,2,1890,12.5567624,50.8121037
399.0,76.0,3,1,2.414155260346322,0,2.0,40.0,3,0,10,1961,9.675096903366171,49.62789245
198.0,34.0,1,1,2.0,1,2.0,40.0,5,0,1,1970,11.9178815,51.47846
800.0,102.0,4,3,3.0,0,2.0,40.0,2,1,2,1951,7.129743600000001,50.5453723
450.0,32.9,1,1,2.0,0,2.0,10.0,5,0,2,1957,6.781240708124672,51.217189
920.0,80.0,3,3,3.0,1,2.0,40.0,1,1,4,1973,11.3733759,48.7766131
980.0,138.0,3,2,3.0,0,10.0,2.4,1,0,4,1990,6.865540437499193,50.8690168
650.0,155.0,6,1,2.0,0,2.0,40.0,2,0,4,1886,9.1470948,51.4889433
532.99,69.4,3,7,2.414155260346322,1,2.0,40.0,6,0,1,1989,13.59119,52.5458652
725.0,61.0,2,6,2.0,0,3.0,40.0,2,0,10,1927,9.1658577,48.6841032
329.0,59.27,3,5,2.414155260346322,0,2.0,40.0,4,0,1,1960,13.990119,53.0095859
230.0,45.0,1,1,2.0,0,3.0,2.4,2,0,4,1994,11.732665374719945,52.17836735
320.0,36.36,1,3,3.0,1,2.0,40.0,1,1,2,1900,12.3971055,51.3459111
359.0,68.84,3,6,2.0,0,3.0,40.0,3,0,2,1984,12.1282201,51.0507433
271.25,54.25,2,7,2.0,0,2.0,40.0,1,0,2,1951,6.7111781654739815,51.40510175
560.0,75.0,3,5,2.414155260346322,0,2.0,40.0,3,0,2,1970,6.7943902927877815,51.4296407
310.0,62.82,3,1,2.0,0,2.0,40.0,1,0,2,1962,9.233374695247438,50.917781950000006
270.0,40.1,1,5,2.414155260346322,1,2.0,2.4,1,0,2,1987,12.5212266,52.4412468
320.0,62.0,3,1,2.414155260346322,0,2.0,40.0,2,1,2,1936,12.325772325467764,51.62951165
650.0,83.0,3,1,2.0,0,2.0,40.0,1,0,3,1963,8.07877705,48.61616
414.61,64.28,3,7,2.414155260346322,1,2.0,40.0,1,0,1,1978,13.8033164,51.0066237
1099.0,103.38,3,1,3.0,1,3.0,40.0,5,0,7,2008,12.3629116,51.3397241
650.0,57.0,2,4,3.0,0,4.0,2.4,2,0,2,2017,7.9927229,52.2558001
330.0,38.0,2,1,2.0,0,5.0,2.4,4,0,2,1900,6.1004363,50.7692917
366.23,55.49,3,1,2.0,0,2.0,2.4,1,0,2,1955,7.0361930006253495,51.4782369
1050.0,40.0,1,4,4.0,1,5.0,2.4,2,0,7,2016,13.37999498047311,52.53349855
690.0,83.9,3,1,3.0,0,3.0,40.0,3,1,7,1890,12.901996674472285,50.84094905
570.0,67.42,2,1,2.0,0,2.0,40.0,2,0,2,1938,6.801702,51.2456522
166.0,33.14,1,6,2.0,0,2.0,40.0,2,0,2,1989,12.9312456,50.8320092
795.0,78.0,2,2,4.0,0,3.0,2.4,2,0,4,1968,6.166224357073407,50.7463926
288.0,57.45,3,5,2.414155260346322,0,2.0,40.0,4,0,2,1982,11.61668201650672,52.2519828
1350.0,126.0,4,1,3.0,0,1.0,2.4,1,1,4,1902,9.809511259191831,53.6596821
335.89,61.07,2,7,2.414155260346322,0,1.0,40.0,0,0,3,1925,12.320969642713752,51.38941685
410.0,53.47,2,7,2.0,0,2.0,10.0,1,0,3,1959,10.241244,54.2840824
310.0,57.0,2,4,2.0,1,3.0,2.4,2,0,2,1992,12.2786965,51.1550677
320.0,50.81,2,1,2.0,1,2.0,40.0,3,0,2,1992,11.75706,52.9968485
700.0,100.0,4,1,3.0,0,2.0,40.0,1,0,10,1981,8.829137400000004,49.8416733
440.0,53.58,2,1,2.0,0,6.0,40.0,0,0,2,1963,9.7638282,52.4172902
186.0,34.0,1,1,2.0,0,2.5008447819779844,40.0,0,0,2,1970,10.3632137,51.4159688
585.0,65.0,3,5,2.0,0,2.0,40.0,2,0,2,1967,8.4143807,52.1459599
369.8,48.0,2,7,2.0,0,3.0,40.0,2,0,10,1964,6.172117865862774,50.87618645
530.0,129.0,5,7,3.0,0,2.0,1.0,1,1,10,1995,9.05114571762618,51.528795200000005
420.0,82.0,3,5,2.0,0,3.0,40.0,3,1,2,1953,6.7220667,51.4694711
550.0,87.0,3,1,2.0,0,2.0,10.0,2,0,2,1968,7.598118347364672,51.4727121
230.0,43.0,2,5,2.0,0,3.0,40.0,4,1,2,1996,11.0719756,51.9009777
819.0,28.45,1,2,3.0,1,2.0,40.0,2,1,1,2019,13.3141198,52.5095528
820.0,67.57,3,1,2.0,0,2.0,10.0,4,0,4,1965,6.769462943168627,51.25267215
306.0,58.81,3,6,2.414155260346322,0,2.0,40.0,5,0,2,1968,11.9252395,51.4774914
251.93,71.98,3,5,2.0,0,2.0,40.0,1,0,4,1965,11.4499687,52.5289336
1659.0,184.4,3,4,3.0,1,2.5008447819779844,2.4,3,1,7,2013,7.4454985,52.2733983
980.0,83.0,3,8,3.0,1,2.0,10.0,2,0,8,1996,6.8737093,51.1630915
401.0,67.8,4,6,2.414155260346322,0,2.0,2.4,4,0,1,1965,11.983056608660574,51.3647169
1500.0,200.0,6,1,2.0,0,3.0,40.0,4,0,1,1960,7.0127279,51.4598541
267.52,70.4,3,5,2.414155260346322,0,2.5008447819779844,2.4,5,0,1,1984,14.9735851,51.1631483
475.0,70.0,3,1,1.0,0,2.0,10.0,2,0,10,1950,9.45849842890499,51.32241505
1150.0,108.0,4,6,3.0,1,2.0,40.0,2,0,2,1959,8.2333644,50.0707784
760.0,82.0,3,6,2.0,0,2.0,40.0,3,1,2,1958,13.778505,51.0474674
750.0,93.0,3,2,3.0,0,1.0,40.0,1,1,10,2018,10.10092835,52.64765205
854.06,74.8,2,2,3.0,1,2.0,2.4,1,0,4,2020,9.44181125,53.6004986
407.73,78.41,3,6,2.0,0,2.0,40.0,2,0,2,1986,14.3203192,51.7220963
420.0,50.0,2,1,2.0,0,2.0,40.0,1,1,2,1914,8.5230364,52.0423002
700.0,50.0,2,4,3.0,0,3.0,2.4,2,1,7,2018,11.04675725,48.3439432
202.4,26.52,1,1,2.0,0,2.0,40.0,0,0,2,1900,13.38048931022449,52.48987175
710.0,113.0,3,1,2.0,0,3.0,2.4,1,1,4,1987,10.58347288786168,52.3880038
400.0,78.0,3,1,2.0,0,1.0,40.0,0,0,3,1980,9.13465354554248,53.90660495
550.0,59.0,1,5,2.0,0,2.0,40.0,2,0,2,1969,10.1767067,53.6283612
500.0,64.0,3,1,2.0,0,2.5008447819779844,10.0,3,0,2,1962,7.470511608848886,51.5113898
225.0,60.76,3,5,2.0,0,2.0,10.0,1,1,2,1950,12.5506885,50.7155453
725.0,90.0,4,5,3.0,0,2.0,40.0,1,0,3,1885,8.74326,50.4154044
1050.0,82.45,1,1,3.0,1,1.0,2.4,0,0,2,2010,8.64725264765199,50.10830625
719.0,85.0,3,7,2.0,1,1.0,40.0,0,0,2,1976,13.417662302535476,52.39394965
515.0,83.0,3,1,2.414155260346322,0,2.0,40.0,1,0,2,1960,8.113000523927003,53.52646975
437.0,87.0,3,4,2.0,1,3.0,40.0,5,0,2,1983,13.118934550000002,51.12897545
319.0,49.0,2,1,2.414155260346322,0,2.0,40.0,1,0,2,1935,12.3951127,51.3547509
1310.0,94.68,2,1,2.414155260346322,1,3.0,10.0,4,0,4,1998,13.32862903414634,52.42760485
380.0,68.75,3,6,2.0,0,2.0,2.4,2,0,2,1931,10.3329062,50.9774903
1064.0,132.97,4,4,3.0,0,2.0,10.0,3,0,1,1950,6.9920862728376,49.23671675
705.0,75.0,3,4,3.0,0,2.0,40.0,1,1,2,1963,7.070255211367968,50.67638855
430.0,54.67,2,5,2.414155260346322,1,2.0,10.0,3,1,2,1888,12.3686988,51.329268
500.0,76.5,3,7,2.0,0,2.5008447819779844,2.4,2,0,2,1955,7.167744,51.4118206
545.0,60.0,3,6,3.0,0,3.0,2.4,3,1,3,1971,7.0825325,51.3917649
600.0,81.0,3,3,2.414155260346322,1,2.5008447819779844,2.4,0,0,7,1839,14.54695308257728,52.34877025
300.0,51.0,2,6,2.414155260346322,0,2.0,2.4,2,0,4,1999,12.820413007602864,50.6288251
290.0,58.0,3,6,2.414155260346322,1,2.5008447819779844,40.0,3,0,2,1975,14.627495605458378,51.50044915
309.0,68.63,3,5,2.414155260346322,1,2.0,40.0,10,0,1,1999,12.891060500271369,50.80966495
350.0,61.0,2,1,2.0,0,2.0,40.0,1,0,2,1978,6.759127003841,51.46411475
309.0,54.87,2,5,3.0,0,1.0,2.4,0,0,1,1988,12.74521609815914,50.85453855
450.0,60.0,3,6,2.414155260346322,0,2.0,10.0,1,0,2,1988,13.5853134,52.5448044
560.0,72.0,2,5,2.0,1,5.0,40.0,8,0,2,1973,7.8658684,49.8679436
227.0,41.12,2,7,2.414155260346322,0,2.0,40.0,2,0,1,1973,11.94795039144714,51.456533
380.0,58.0,3,6,2.0,0,2.0,2.4,3,1,2,1968,12.0629976,54.137466
320.0,60.5,3,3,2.0,0,1.0,40.0,0,0,2,1911,12.8728397,50.8157242
1134.0,126.0,3,2,3.0,1,2.0,40.0,3,0,1,1913,12.4039569,51.3316961
314.0,57.12,4,1,2.0,0,3.0,40.0,2,0,2,1954,10.1937239,50.2492408
410.0,73.0,3,5,3.0,0,2.0,40.0,3,0,2,1961,7.2235854,51.2705086
330.0,55.61,2,1,2.0,1,2.0,40.0,2,0,2,1893,12.4453615,51.3461672
1290.0,103.62,4,2,4.0,1,2.0,40.0,2,0,8,2019,9.805922658574756,52.34831855
750.0,80.0,3,1,2.0,0,3.0,40.0,2,0,2,2004,11.959735148344768,48.20676125
377.2,82.0,3,1,2.0,0,3.0,40.0,3,0,9,1984,7.0889718,51.6539479
180.0,47.0,2,9,2.0,0,2.0,40.0,2,0,2,1965,12.0613255,52.6726999
200.0,56.3,3,5,2.0,0,2.0,2.4,3,0,2,1981,12.167153350000005,50.5039702
700.0,100.0,3,5,2.0,0,2.0,40.0,3,0,10,1875,7.1328294280013,51.25707575
710.0,105.0,4,1,2.0,0,3.0,40.0,2,0,2,1982,9.7925386,53.4610248
349.0,69.3,3,1,2.0,0,2.0,40.0,1,1,10,1921,12.7436439975,50.7384237
425.0,61.0,1,5,2.0,0,2.5008447819779844,40.0,3,0,4,1990,8.9692843,54.6178807
425.0,67.0,2,1,2.414155260346322,0,3.0,40.0,2,0,10,1993,8.807718844285176,51.780611
560.0,69.0,2,3,3.0,1,3.0,2.4,3,0,2,1984,7.123748273032886,51.27797545
590.0,30.0,1,3,2.0,0,2.0,10.0,2,0,2,1985,8.669993649999999,49.3815891
1420.0,107.13,3,3,2.414155260346322,1,2.0,40.0,2,0,2,1939,13.257533,52.5197049
750.0,88.3,3,4,3.0,1,2.0,40.0,2,0,1,2018,12.5164696,48.2554224
303.32,65.0,2,1,2.414155260346322,1,2.0,40.0,7,0,4,1976,7.074104328206106,51.5617423
438.53,83.53,3,1,2.414155260346322,0,2.0,40.0,2,0,4,1916,7.088390266003676,51.57274175
330.0,20.0,1,4,3.0,1,1.0,40.0,0,1,7,2016,6.644696350000004,49.74881625
540.0,98.8,3,1,2.414155260346322,0,2.0,40.0,3,0,4,1997,11.0915027,50.7842257
266.0,35.23,1,3,2.0,0,2.5008447819779844,40.0,0,0,2,1984,12.2685791,51.3087988
321.0,57.33,2,7,2.414155260346322,0,2.0,2.4,5,0,1,1986,11.914137,51.5228752
520.0,91.32,3,1,2.0,0,2.0,2.4,2,1,2,1900,13.34887768115972,50.91727835
